<?xml version="1.0" encoding="UTF-8"?>
<!-- Foundation -->
<window id="1100">
	<defaultcontrol always="true">100</defaultcontrol>
	<allowoverlay>yes</allowoverlay>
	<controls>
		<include>background</include>
		<include>button</include>
		<include>equalizer</include>
		<include>canbus</include>
		<!-- <include>cpu</include> -->
		<include>time</include>
		<!-- <include>ip</include> -->
		
		<control type="label">
			<left>49</left>
			<top>10</top>
			<width>925</width>
			<height>50</height>
			<font>50</font>
			<textcolor>FFB0C4DE</textcolor>
			<align>center</align>
			<aligny>center</aligny>
			<label>$LOCALIZE[350006]</label>
		</control>		
		<description>Левая группа</description>
		<control type="grouplist" id="3">
			<description>Левая панель</description>
			<left>150</left>
			<top>100</top>
			<width>447</width>
			<height>520</height>
			<orientation>vertical</orientation>
			<itemgap>5</itemgap>
			<align>top</align>
			<onleft>350100</onleft>
			<onright>5</onright>
			<onup>3</onup>
			<ondown>20</ondown>
			<animation type="Conditional" condition="ControlGroup(5).HasFocus()">
				<effect type="fade" time="200" start="100" end="30" delay="50"/>
				<effect type="slide" start="0,0" end="-120,0" time="200"/>
			</animation>
			<animation type="Conditional" condition="!ControlGroup(5).HasFocus()">
				<effect type="fade" time="200" start="30" end="100" delay="50"/>
				<effect type="slide" start="-120,0" end="0,0" time="200"/>
			</animation>
			<control type="list" id="100">
				<description>List</description>
				<width>447</width>
				<orientation>vertical</orientation>
				<itemgap>10</itemgap>
				<onup>100</onup>
				<ondown>100</ondown>
				<onleft>-</onleft>
				<onright>5</onright>
				<itemlayout height="75" width="247">
					<control type="label">
						<left>0</left>
						<top>-</top>
						<width>447</width>
						<height>65</height>
						<font>50</font>
						<textcolor>ffb87e53</textcolor>
						<selectedcolor>ffed6504</selectedcolor>
						<align>left</align>
						<aligny>center</aligny>
						<info>ListItem.Label</info>
					</control>
				</itemlayout>
				<focusedlayout height="75" width="247">
					<control type="label">
						<left>0</left>
						<top>-</top>
						<width>447</width>
						<height>65</height>
						<font>50</font>
						<scroll>true</scroll>
						<textcolor>ffed6504</textcolor>
						<selectedcolor>ffed6504</selectedcolor>
						<align>left</align>
						<aligny>center</aligny>
						<info>ListItem.Label</info>
					</control>
				</focusedlayout>
				<content>
					<item id="1">
						<description>log</description>
						<label>$LOCALIZE[350011]</label>
						<onclick>-</onclick>
					</item>
					<item id="2">
						<description>home menu settings</description>
						<label>$LOCALIZE[350021]  </label>
						<onclick>-</onclick>
					</item>
					<item id="3">
						<description>Raspberry settings</description>
						<label>$LOCALIZE[350025]</label>
						<onclick>-</onclick>
					</item>
				</content>
			</control>
		</control>

		<control type="grouplist" id="5">
			<description>Правая панель</description>
			<left>312</left>
			<top>100</top>
			<width>656</width>
			<height>560</height>
			<orientation>vertical</orientation>
			<itemgap>5</itemgap>
			<align>top</align>
			<onleft>3</onleft>
			<onright>60</onright>
			<animation type="Conditional" condition="!ControlGroup(5).HasFocus()">
				<effect type="fade" time="200" start="100" end="30" delay="50"/>
			</animation>
			<animation type="Focus">
				<effect type="fade" time="200" start="100" end="170" delay="50"/>
				<effect type="slide" start="0,0" end="-150,0" time="200"/>
			</animation>
			<animation type="UnFocus">
				<effect type="slide" start="-150,0" end="0,0" time="200"/>
			</animation>
			<control type="grouplist" id="200">
				<description>Control Area</description>
				<top>0</top>
				<width>656</width>
				<height>580</height>
				<align>top</align>
				<orientation>vertical</orientation>
				<itemgap>10</itemgap>
				<align>top</align>
				<onup>99</onup>
				<ondown>200</ondown>
				<onleft>100</onleft>
				<visible>Container(100).Hasfocus(1)</visible>
 				<control type="radiobutton" id="201">
					<description>LOGCAN</description>
					<width>656</width>
					<align>left</align>
					<label>$LOCALIZE[350013]</label>
					<onclick>Skin.ToggleSetting(log.can)</onclick>
					<selected>Skin.HasSetting(log.can)</selected>
					<onclick condition="!Skin.HasSetting(log.can)">SetProperty(logcan,true,10000)</onclick>
					<onclick condition="Skin.HasSetting(log.can)">SetProperty(logcan,false,10000)</onclick>
				</control>
				
				<control type="button" id="202">
					<description>Activate Window Canbus</description>
					<width>656</width>
					<align>left</align>
					<label>$LOCALIZE[350012]</label>
					<onclick>ActivateWindow(1101)</onclick>
				</control>
			</control>

			<control type="grouplist" id="300">
				<description>Control Area</description>
				<top>0</top>
				<width>656</width>
				<height>580</height>
				<align>top</align>
				<orientation>vertical</orientation>
				<itemgap>10</itemgap>
				<onup>300</onup>
				<ondown>300</ondown>
				<onleft>100</onleft>
				<onright>-</onright>
				<visible>Container(100).Hasfocus(2)</visible>

				<control type="radiobutton" id="601">
					<description>speed home</description>
					<width>656</width>
					<align>left</align>
					<label>$LOCALIZE[350022] </label>
					<onclick>Skin.ToggleSetting(speed.big)</onclick>
					<selected>!Skin.HasSetting(speed.big)</selected>
					<onclick condition="Skin.HasSetting(speed.big)">SetProperty(speed.big,true,10000)</onclick>
					<onclick condition="Skin.HasSetting(speed.big)">SetProperty(speed.big,false,10000)</onclick>
				</control>
				<control type="radiobutton" id="602">
					<description>RPM</description>
					<width>656</width>
					<align>left</align>
					<label>$LOCALIZE[350004] </label>
					<onclick>Skin.ToggleSetting(rpm)</onclick>
					<selected>!Skin.HasSetting(rpm)</selected>
					<onclick condition="Skin.HasSetting(rpm)">SetProperty(rpm.on,true,10000)</onclick>
					<onclick condition="Skin.HasSetting(rpm)">SetProperty(rpm.on,false,10000)</onclick>
				</control>
				<control type="radiobutton" id="603">
					<description>Temp</description>
					<width>656</width>
					<align>left</align>
					<label>$LOCALIZE[350003] </label>
					<onclick>Skin.ToggleSetting(temp)</onclick>
					<selected>!Skin.HasSetting(temp)</selected>
					<onclick condition="Skin.HasSetting(temp)">SetProperty(temp.on,true,10000)</onclick>
					<onclick condition="Skin.HasSetting(temp)">SetProperty(temp.on,false,10000)</onclick>
				</control>
				<control type="radiobutton" id="604">
					<description>CPUTemperature</description>
					<width>656</width>
					<align>left</align>
					<label>$LOCALIZE[350023] </label>
					<onclick>Skin.ToggleSetting(CPUTemperature)</onclick>
					<selected>!Skin.HasSetting(CPUTemperature)</selected>
				</control>
				<control type="radiobutton" id="605">
					<description>ip</description>
					<width>656</width>
					<align>left</align>
					<label>$LOCALIZE[350024]</label>
					<onclick>Skin.ToggleSetting(ip)</onclick>
					<selected>!Skin.HasSetting(ip)</selected>
				</control>
				<control type="radiobutton" id="606">
					<description>time</description>
					<width>656</width>
					<align>left</align>
					<label>$LOCALIZE[350027]</label>
					<onclick>Skin.ToggleSetting(time)</onclick>
					<selected>!Skin.HasSetting(time)</selected>
				</control>
			</control>
			<control type="grouplist" id="400">
				<description>Control Area</description>
				<top>0</top>
				<width>656</width>
				<height>580</height>
				<align>top</align>
				<orientation>vertical</orientation>
				<itemgap>10</itemgap>
				<align>top</align>
				<onup>400</onup>
				<ondown>400</ondown>
				<onleft>100</onleft>
				<onright>-</onright>
				<visible>Container(100).Hasfocus(3)</visible>
				<control type="radiobutton" id="401">
					<description>rpi overlay fs</description>
					<width>656</width>
					<align>center</align>
					<label>$LOCALIZE[350026] </label>
					<onclick>Skin.ToggleSetting(overlayfs)</onclick>
					<selected>Skin.HasSetting(overlayfs)</selected>
					<onclick condition="Skin.HasSetting(overlayfs)">SetProperty(overlayfs,true,10000)</onclick>
					<onclick condition="!Skin.HasSetting(overlayfs)">SetProperty(overlayfs,false,10000)</onclick>
				</control>
				<control type="button" id="3118">
					<description>Reboot button</description>
					<width>656</width>
					<align>center</align>
					<label>13013</label>
					<onclick>XBMC.Reset()</onclick>
				</control>
				<control type="button" id="3116">
					<description>Shutdown</description>
					<width>656</width>
					<align>center</align>
					<label>13005</label>
					<onclick>ShutDown()</onclick>
				</control>
			</control>
		</control>
	</controls>
</window>