<?xml version="1.0" encoding="UTF-8"?>
<!-- Foundation -->
<window id="1101">
	<defaultcontrol always="true">222</defaultcontrol>
	<controls>
		<include>background</include>
		<include>button</include>
		<include>speed</include>
		<control type="textbox">
			<left>49</left>
			<top>40</top>
			<width>925</width>
			<height>65</height>
			<font>50</font>
			<textcolor>ffed6504</textcolor>
			<align>center</align>
			<aligny>center</aligny>
			<label>Canbus monitor RNS-E</label>
		</control>
		<control type="list">
			<description>List</description>
			<left>110</left>
			<top>120</top>
			<width>925</width>
			<height>520</height>
			<itemgap>5</itemgap>
			<onup>-</onup>
			<ondown>-</ondown>
			<scrolltime>0</scrolltime>
			<orientation>vertical</orientation>
			<pagecontrol>-</pagecontrol>
			<itemlayout height="90" width="450">
				<control type="label">
					<left>-</left>
					<top>-</top>
					<width>200</width>
					<height>80</height>
					<font>80</font>
					<textcolor>ffb87e53</textcolor>
					<align>center</align>
					<aligny>center</aligny>
					<info>ListItem.Label</info>
				</control>
				<control type="label">
					<left>200</left>
					<top>-</top>
					<width>675</width>
					<height>100</height>
					<font>80</font>
					<textcolor>ffed6504</textcolor>
					<align>left</align>
					<aligny>center</aligny>
					<info>ListItem.Label2</info>
				</control>
			</itemlayout>
			<focusedlayout height="90" width="400">
				<control type="label">
					<left>-</left>
					<top>-</top>
					<width>200</width>
					<height>80</height>
					<font>80</font>
					<textcolor>ffb87e53</textcolor>
					<align>center</align>
					<aligny>center</aligny>
					<info>ListItem.Label</info>
				</control>
				<control type="label">
					<left>200</left>
					<top>-</top>
					<width>675</width>
					<height>80</height>
					<font>80</font>
					<textcolor>ffed6504</textcolor>
					<align>left</align>
					<aligny>center</aligny>
					<info>ListItem.Label2</info>
				</control>
			</focusedlayout>
			<content>
				<item>
					<description>Time</description>
					<label>623#</label>
					<label2>$INFO[Window(10000).Property(623)]</label2>
				</item>
				<item>
					<description>SPEED rnse</description>
					<label>351#</label>
					<label2>$INFO[Window(10000).Property(351)]</label2>
				</item>
				<item>
					<description>RPM rnse</description>
					<label>353#</label>
					<label2>$INFO[Window(10000).Property(353)]</label2>
				</item>
				<item>
					<description>RNSE navigation</description>
					<label>461#</label>
					<label2>$INFO[Window(10000).Property(461)]</label2>
				</item>
				<item>
					<description>MFSW 5C0</description>
					<label>5C0#</label>
					<label2>$INFO[Window(10000).Property(5C0)]</label2>
				</item>
				<item>
					<description>MFSW 5C3</description>
					<label>5C3#</label>
					<label2>$INFO[Window(10000).Property(5C3)]</label2>
				</item>
			</content>
		</control>
		<control type="button" id="222">
			<description>Left Up</description>
			<left>0</left>
			<top>95</top>
			<width>135</width>
			<height>283</height>
			<texturefocus>buttons/LeftUpFo.png</texturefocus>
			<texturenofocus>buttons/LeftUpNf.png</texturenofocus>
			<label>$LOCALIZE[222]</label>
			<onclick>Back</onclick>
			<align></align>
			<aligny>left</aligny>
			<onup>-</onup>
			<ondown>-</ondown>
			<onleft>-</onleft>
			<onright>50</onright>
			<font>70</font>
			<textcolor>ffb87e53</textcolor>
			<focusedcolor>ffed6504</focusedcolor>
			<textwidth>300</textwidth>
			<textoffsetx>5</textoffsetx>
			<textoffsety>-75</textoffsety>
		</control>
	</controls>
</window>
