<?xml version="1.0" encoding="UTF-8"?>
<includes>
	<description>Button</description>
	<default type="button">
		<left></left>
		<top></top>
		<width>250</width>
		<height>65</height>
		<texturefocus>button-focus.png</texturefocus>
		<texturenofocus>button.png</texturenofocus>
		<textureradiofocus></textureradiofocus>
		<textureradionofocus></textureradionofocus>
		<textcolor>ffb87e53</textcolor>
		<selectedcolor>ffed6504</selectedcolor>
		<focusedcolor>ffed6504</focusedcolor>
		<disabledcolor>gray</disabledcolor>
		<textoffsetx>5</textoffsetx>
		<textoffsety>5</textoffsety>
		<textwidth>auto</textwidth>
		<pulseonselect>false</pulseonselect>
		<wrapmultiline>false</wrapmultiline>
		<align>left</align>
		<aligny>center</aligny>
		<font>50</font>
	</default>

	<description>Radiobutton</description>
	<default type="radiobutton">
		<width>250</width>
		<height>65</height>
		<texturefocus>button-focus.png</texturefocus>
		<texturenofocus>button.png</texturenofocus>
		<textureradiofocus>radioFO.png</textureradiofocus>
		<textureradionofocus>radio.png</textureradionofocus>
		<radioposx>587</radioposx>
		<radioposy></radioposy>
		<radiowidth>85</radiowidth>
		<radioheight>85</radioheight>
		<textcolor>ffb87e53</textcolor>
		<selectedcolor>ffed6504</selectedcolor>
		<focusedcolor>ffed6504</focusedcolor>
		<!-- <textcolor>ffed6504</textcolor> -->
		<!-- <focusedcolor>FFB0C4DE</focusedcolor> -->
		<!-- <selectedcolor>FFB22222</selectedcolor> -->
		<disabledcolor>gray</disabledcolor>
		<textoffsetx>5</textoffsetx>
		<textoffsety>5</textoffsety>
		<textwidth>595</textwidth>
		<pulseonselect>false</pulseonselect>
		<wrapmultiline>false</wrapmultiline>
		<align>left</align>
		<aligny>center</aligny>
		<font>50</font>
		<label></label>
	</default>

	<description>Togglebutton</description>
	<default type="togglebutton">
		<width>250</width>
		<height>65</height>
		<visible>true</visible>
		<colordiffuse></colordiffuse>
		<texturefocus>button-focus.png</texturefocus>
		<texturenofocus>button.png</texturenofocus>
		<usealttexture></usealttexture>
		<alttexturefocus>button-focus.png</alttexturefocus>
		<alttexturenofocus>button.png</alttexturenofocus>
		<textcolor>ffb87e53</textcolor>
		<focusedcolor>ffed6504</focusedcolor>
		<!-- <textcolor>FF000000</textcolor>
		<focusedcolor>FFB0C4DE</focusedcolor> -->
		<disabledcolor>gray</disabledcolor>
		<textoffsetx>5</textoffsetx>
		<textoffsety>5</textoffsety>
		<textwidth>auto</textwidth>
		<pulseonselect>false</pulseonselect>
		<wrapmultiline>false</wrapmultiline>
		<align>center</align>
		<aligny>center</aligny>
		<font>50</font>
		<!-- <label>$LOCALIZE[31351]</label>
		<altlabel>$LOCALIZE[208]</altlabel>
		<onclick>PlayerControl(Play)</onclick> -->
	</default>

	<description>Label</description>
	<default type="label">
		<left>45</left>
		<top>10</top>
		<width>940</width>
		<height>65</height>
		<visible>true</visible>
		<textcolor>ffb87e53</textcolor>
		<selectedcolor>ffed6504</selectedcolor>
		<disabledcolor>gray</disabledcolor>
		<textoffsetx>10</textoffsetx>
		<textoffsety>10</textoffsety>
		<align>center</align>
		<aligny>center</aligny>
		<scroll>false</scroll>
		<haspath>false</haspath>
		<font>50</font>
		<textcolor>FFB0C4DE</textcolor>
		<shadowcolor></shadowcolor>
		<wrapmultiline>false</wrapmultiline>
		<scrollspeed>50</scrollspeed>
		<scrollsuffix></scrollsuffix>
		<label></label>
	</default>
	
	<description>Textbox</description>
	<default type="textbox">
		<left></left>
		<top></top>
		<width>920</width>
		<height>200</height>
		<visible>true</visible>
		<colordiffuse></colordiffuse>
		<textcolor>FFB0C4DE</textcolor>
		<pulseonselect></pulseonselect>
		<font>40</font>
		<pagecontrol>13</pagecontrol>
		<scrolltime>200</scrolltime>
		<align>center</align>
		<aligny>center</aligny>
		<autoscroll time="3000" delay="4000" repeat="5000">true</autoscroll>
		<label></label>
	</default>

	<description>Edit</description>
	<default type="edit">
		<left></left>
		<top></top>
		<width>250</width>
		<height>65</height>
		<textcolor>ffb87e53</textcolor>
		<focusedcolor>FFB0C4DE</focusedcolor>
		<selectedcolor>ffed6504</selectedcolor>
		<disabledcolor>gray</disabledcolor>
		<texturefocus>button-focus.png</texturefocus>
		<texturenofocus>button.png</texturenofocus>
		<pulseonselect>false</pulseonselect>
		<align>center</align>
		<aligny>center</aligny>
		<font>50</font>
	</default>

	<description>Spincontrolex</description>
	<default type="spincontrolex">
		<left></left>
		<top></top>
		<width>250</width>
		<height>65</height>
		<spinposx>righ</spinposx>
		<spinwidth>50</spinwidth>
		<spinheight>50</spinheight>
		<visible>true</visible>
		<colordiffuse></colordiffuse>
		<texturefocus>button-focus.png</texturefocus>
		<texturenofocus>button.png</texturenofocus>
		<textureup>scroll-up.png</textureup>
		<textureupfocus>scroll-up-focus.png</textureupfocus>
		<texturedown>scroll-down.png</texturedown>
		<texturedownfocus>scroll-down-focus.png</texturedownfocus>
		<textureupdisabled></textureupdisabled>
		<texturedowndisabled></texturedowndisabled>
		<textwidth>400</textwidth>
		<textcolor>ffed6504</textcolor>
		<focusedcolor>FFB0C4DE</focusedcolor>
		<selectedcolor>FFB22222</selectedcolor>
		<disabledcolor>gray</disabledcolor>
		<align>left</align>
		<aligny>center</aligny>
		<textoffsetx>5</textoffsetx>
		<textoffsety>5</textoffsety>
		<pulseonselect>false</pulseonselect>
		<font>50</font>
		<label></label>
	</default>

	<description>Scrollbar</description>
	<default type="scrollbar">
		<top>125</top>
		<left>90</left>
		<width>75</width>
		<height>515</height>
		<texturesliderbackground>sliderbackground.png</texturesliderbackground>
		<textureslidernibfocus>progressmid.png</textureslidernibfocus>
		<showonepage>true</showonepage>
		<orientation>vertical</orientation>
	</default>

	<description>Sliderex</description>
	<default type="sliderex">
		<left></left>
		<top></top>
		<width>200</width>
		<height>65</height>
		<texturefocus>button-focus.png</texturefocus>
		<texturenofocus>button.png</texturenofocus>
		<textcolor>FF000000</textcolor>
		<focusedcolor>FFB0C4DE</focusedcolor>
		<selectedcolor>FFB22222</selectedcolor>
		<disabledcolor>gray</disabledcolor>
		<textoffsetx>5</textoffsetx>
		<textoffsety>5</textoffsety>
		<textwidth>auto</textwidth>
		<pulseonselect>false</pulseonselect>
		<texturesliderbar>slider_bg.png</texturesliderbar>
		<textureslidernib>progressback.png</textureslidernib>
		<textureslidernibfocus>progressmid.png</textureslidernibfocus>
		<sliderwidth>150</sliderwidth>
		<sliderheight>35</sliderheight>
		<font>50</font>
		<label></label>
	</default>
	
	<description>Fadelabel</description>
	<default type="fadelabel">
		<left>550</left>
		<top>120</top>
		<width>420</width>
		<height>65</height>
		<font>40</font>
		<textcolor>ffb87e53</textcolor>
		<align>center</align>
		<aligny>center</aligny>
		<scrollout>true</scrollout>
		<pauseatend>5000</pauseatend>
	</default>

	<default type="progress">
		<left>200</left>
		<top>250</top>
		<width>602</width>
		<height>45</height>
		<texturebg border="6">ProgressBack.png</texturebg>
		<lefttexture>-</lefttexture>
		<midtexture border="6">ProgressMid.png</midtexture>
		<righttexture>-</righttexture>
		<overlaytexture>-</overlaytexture>
	</default>
	
	<default type="list">
		<left>140</left>
		<top>125</top>
		<width>760</width>
		<height>520</height>
		<align>top</align>
		<scroll>true</scroll>
		<onup>9000</onup>
		<ondown>9000</ondown>
		<onleft></onleft>
		<onright>60</onright>
		<description>Нет фокуса</description>
		<itemlayout height="75">
			<control type="image">
				<width>760</width>
				<height>65</height>
				<texture>button.png</texture>
			</control>
			<control type="image">
				<left>0</left>
				<top>0</top>
				<width>65</width>
				<height>65</height>
				<texture fallback="DefaultAddonNone.png">$INFO[Listitem.Icon]</texture>
			</control>
			<control type="label">
				<left>65</left>
				<top>0</top>
				<width>760</width>
				<height>65</height>
				<align>left</align>
				<aligny>center</aligny>
				<textcolor>ffb87e53</textcolor>
				<selectedcolor>ffed6504</selectedcolor>
				<font>50</font>
				<info>ListItem.Label</info>
			</control>
			<control type="label">
				<left>65</left>
				<top>0</top>
				<width>680</width>
				<height>65</height>
				<align>right</align>
				<aligny>center</aligny>
				<textcolor>ffb87e53</textcolor>
				<selectedcolor>ffb87e53</selectedcolor>
				<font>50</font>
				<info>ListItem.Label2</info>
			</control>
		</itemlayout>
		<description>В фокусе</description>
		<focusedlayout height="75">
			<control type="image">
				<width>760</width>
				<height>65</height>
				<texture>button-focus.png</texture>
			</control>
			<control type="image">
				<left>0</left>
				<top>0</top>
				<width>65</width>
				<height>65</height>
				<texture fallback="DefaultAddonNone.png">$INFO[Listitem.Icon]</texture>
			</control>
			<control type="label">
				<left>65</left>
				<top>0</top>
				<width>760</width>
				<height>65</height>
				<align>left</align>
				<textcolor>ffed6504</textcolor>
				<font>50</font>
				<info>ListItem.Label</info>
			</control>
			 <control type="label">
				<top>0</top>
				<left>65</left>
				<width>680</width>
				<align>right</align>
				<aligny>center</aligny>
				<textcolor>ffed6504</textcolor>
				<font>50</font>
				<info>ListItem.Label2</info>
				<scroll>true</scroll>
			</control>
		</focusedlayout>
	</default>

<!-- 	<default type="grouplist">
		<left>40</left>
		<top>690</top>
		<width>940</width>
		<height>65</height>
		<align>center</align>
		<itemgap>5</itemgap>
		<orientation>horizontal</orientation>
		<onup>9000</onup>
		<ondown>9000</ondown>
		<onright>50</onright>
		<onleft>50</onleft>
	</default> -->
</includes>


