﻿<?xml version="1.0" encoding="UTF-8"?>
<window id="10101">
<!-- 	<defaultcontrol always="true">10</defaultcontrol> -->
	<defaultcontrol always="true">9000</defaultcontrol>
	<allowoverlay>yes</allowoverlay>
	<controls>
		<include>background</include>
		<include>button</include>
		<control type="label" id="1">
			<description>Заголовок</description>
			<left>40</left>
			<top>110</top>
			<width>940</width>
			<align>center</align>
			<textcolor>ffb87e53</textcolor>
			<label>-</label>
		</control>
		
		<control type="progress" id="20">
			<description>Progress Bar</description>
			<left>250</left>
			<top>180</top>			
			<textcolor>ffb87e53</textcolor>
			<info>System.Progress</info>
		</control>	
		
		<control type="label">
			<description>Строка состояния в %</description>
			<left>40</left>
			<top>300</top>
			<width>940</width>
			<align>center</align>
			<label>$INFO[System.Progressbar,%]</label>
		</control>
		
		<control type="textbox" id="9">
			<description>dialog line 1/2/3</description>
			<left>57</left>
			<top>400</top>
			<width>900</width>
			<height>200</height>
			<align>center</align>
			<textcolor>ffb87e53</textcolor>
			<label />
			<scroll>true</scroll>
		</control>

		<control type="group" id="9000">
			<control type="button" id="11">
				<description>Left Up</description>
				<description>OK</description>
				<top>95</top>
				<left>0</left>
				<width>135</width>
				<height>283</height>
				<texturefocus>buttons/LeftUpFo.png</texturefocus>
				<texturenofocus>buttons/LeftUpNf.png</texturenofocus>
				<align></align>
				<aligny>left</aligny>
				<onup>-</onup>
				<ondown>-</ondown>
				<onleft>-</onleft>
				<onright>10</onright>
				<label>$LOCALIZE[107]</label>
				<font>70</font>
				<textcolor>ffb87e53</textcolor>
				<focusedcolor>ffed6504</focusedcolor>
				<textwidth>300</textwidth>
				<textoffsetx>5</textoffsetx>
				<textoffsety>-75</textoffsety>
				<onup>-</onup>
				<ondown>12</ondown>
				<onleft>-</onleft>
				<onright>10</onright>
			</control>
			<control type="button" id="12">
				<description>right_down</description>
				<description>Custom button</description>
				<left>895</left>
				<top>390</top>
				<width>135</width>
				<height>283</height>
				<texturefocus>buttons/RightDownFo.png</texturefocus>
				<texturenofocus>buttons/RightDownNf.png</texturenofocus>
				<align>right</align>
				<aligny></aligny>
				<label>$LOCALIZE[106]</label>
				<font>70</font>
				<textcolor>ffb87e53</textcolor>
				<focusedcolor>ffed6504</focusedcolor>
				<textwidth>400</textwidth>
				<textoffsetx>10</textoffsetx>
				<textoffsety>280</textoffsety>
				<onup>11</onup>
				<ondown>-</ondown>
				<onleft>11</onleft>
				<onright>-</onright>
			</control>
			<control type="button" id="10">
				  <description>Right UP</description>
				  <description>Cancel</description>
				  <left>895</left>
				  <top>95</top>
				  <width>135</width>
				  <height>283</height>
				  <texturefocus>buttons/RightUpFo.png</texturefocus>
				  <texturenofocus>buttons/RightUpNf.png</texturenofocus>
				  <align>right</align>
				  <aligny>-</aligny>
				  <onup>-</onup>
				  <ondown>-</ondown>
				  <onleft>11</onleft>
				  <onright>-</onright>
				  <label>$LOCALIZE[106]</label>
				  <font>70</font>
				  <textcolor>ffb87e53</textcolor>
				  <focusedcolor>ffed6504</focusedcolor>
				  <textwidth>300</textwidth>
				  <textoffsetx>10</textoffsetx>
				  <textoffsety>-75</textoffsety>
				  <onup>-</onup>
				  <ondown>12</ondown>
				  <onleft>11</onleft>
				  <onright>-</onright>
			</control>	
		</control>

		<!-- <control type="grouplist" id="9000">
			<top>600</top>
			<orientation>horizontal</orientation>
			<control type="button" id="11">
				<description>OK button</description>
				<align>center</align>
				<label>107</label>
			</control>
			<control type="button" id="10">
				<description>Cancel button</description>
				<align>center</align>
				<label>106</label>
			</control>
			
			<control type="button" id="12">
				<description>Custom button</description>
				<align>center</align>
				<label>106</label>
			</control>
		</control> -->
	</controls>
</window>