<?xml version="1.0" encoding="UTF-8"?>
<window>
	<defaultcontrol>9000</defaultcontrol>
	<controls>
		<include>background</include>
		<include>framemax</include>
		<include>button</include>
	
		<control type="label" id="2">
			<description>Добавить видеоисточник</description>
			<left>130</left>
			<top>250</top>
			<width>730</width>
			<height>40</height>
			<align>center</align>
			<aligny>center</aligny>
		</control>
	
		<control type="list" id="10">
 			<left>130</left>
			<top>120</top>
			<width>700</width>
		</control>

		<control type="grouplist" id="9000">
			
			<left>50</left>
			<top>350</top>
			<width>900</width>
			<align>center</align>
			<itemgap>45</itemgap>
			<orientation>horizontal</orientation>
			<onup>9000</onup>
			<ondown>12</ondown>
			<onleft>9001</onleft>
			<onright>9001</onright>
			<control type="button" id="11">
				<description>Browse Button</description>
				<align>center</align>
				<label>1024</label>
				<onleft>18</onleft>
			</control>
			<control type="button" id="13">
				<description>Add Path Button</description>
				<align>center</align>
				<label>15019</label> 
				<onleft>11</onleft>
				<onright>14</onright>
			</control>
			<control type="button" id="14">
				<description>Remove Path Button</description>
				<align>center</align>
				<label>1210</label>
				<onright>19</onright>
			</control>
		</control>

		<control type="edit" id="12">
			<description>Кнопка Ввода текста</description>
			<left>130</left>
			<top>480</top>
			<width>700</width>
			<textcolor>ffb87e53</textcolor>
			<focusedcolor>ffed6504</focusedcolor>
			<selectedcolor>ffed6504</selectedcolor>
			<onup>9000</onup>
			<ondown>9000</ondown>
			<onleft>11</onleft>
			<onright>12</onright>
		</control>
		<control type="image">
			<left>130</left>
			<top>480</top>
			<width>800</width>
			<height>65</height>
			<texture>button-focus.png</texture>
		</control>

		<control type="group" id="9001">
			<control type="button" id="18">
				<description>Left Up</description>
				<description>OK</description>
				<top>95</top>
				<left>0</left>
				<width>135</width>
				<height>283</height>
				<texturefocus>buttons/LeftUpFo.png</texturefocus>
				<texturenofocus>buttons/LeftUpNf.png</texturenofocus>
				<align></align>
				<aligny>left</aligny>
				<label>$LOCALIZE[186]</label>
				<font>70</font>
				<textcolor>ffb87e53</textcolor>
				<focusedcolor>ffed6504</focusedcolor>
				<textwidth>300</textwidth>
				<textoffsetx>5</textoffsetx>
				<textoffsety>-75</textoffsety>
				<onup>19</onup>
				<ondown>19</ondown>
				<onleft>Back</onleft>
				<onright>9000</onright>
			</control>

			<control type="button" id="19">
				<description>Right UP</description>
				<description>Cancel</description>
				<left>895</left>
				<top>95</top>
				<width>135</width>
				<height>283</height>
				<texturefocus>buttons/RightUpFo.png</texturefocus>
				<texturenofocus>buttons/RightUpNf.png</texturenofocus>
				<align>right</align>
				<aligny>-</aligny>
				<label>$LOCALIZE[222]</label>
				<font>70</font>
				<textcolor>ffb87e53</textcolor>
				<focusedcolor>ffed6504</focusedcolor>
				<textwidth>300</textwidth>
				<textoffsetx>10</textoffsetx>
				<textoffsety>-75</textoffsety>
				<onup>18</onup>
				<ondown>18</ondown>
				<onleft>9000</onleft>
				<!-- <onright>9000</onright> -->
				<onright>-</onright>
			</control>
		</control>
		
<!-- 		<control type="grouplist" id="9001">
			<left>50</left>
			<top>580</top>
			<width>900</width>
			<align>center</align>
			<textcolor>ffed6504</textcolor>
			<itemgap>45</itemgap>
			<onup>12</onup>
			<ondown>9000</ondown>
			<onleft></onleft>
			<onright></onright>
			<orientation>horizontal</orientation>
			<control type="button" id="18">
				<description>Ok Button</description>
				<align>center</align>
				<label>186</label>
			</control>
			<control type="button" id="19">
				<description>Cancel Button</description>
				<align>center</align>
				<label>222</label>
			</control>
		</control> -->
	</controls>
</window>
