<?xml version="1.0" encoding="UTF-8"?>
<window type="buttonMenu" id="111">
	<defaultcontrol always="true">3110</defaultcontrol>
	<allowoverlay>yes</allowoverlay>
	<controls>
		<include>framemini</include>
		<control type="grouplist" id="3110">
			<left>100</left>
			<top>100</top>
			<width>810</width>
			<height>275</height>
			<itemgap>5</itemgap>
			<align>center</align>
			<onup>1</onup>
			<ondown>1</ondown>
			<orientation>vertical</orientation>
			<control type="radiobutton" id="31110">
				<description>Shutdown</description>
				<width>930</width>
				<align>center</align>
				<radioposx>830</radioposx>
				<label>Overlay FS SD-card</label>
				<onclick>Skin.ToggleSetting(overlayfs)</onclick>
				<selected>Skin.HasSetting(overlayfs)</selected>
				<onclick condition="!Skin.HasSetting(overlayfs)">SetProperty(overlayfs,true,10000)</onclick>
				<onclick condition="Skin.HasSetting(overlayfs)">SetProperty(overlayfs,false,10000)</onclick>
			</control>
			<control type="button" id="3115">
				<description>Exit</description>
				<width>810</width>
				<align>center</align>
				<label>13012</label>
				<onclick>Quit()</onclick>
				<visible>System.ShowExitButton</visible>
			</control>
			<control type="button" id="3116">
				<description>Shutdown</description>
				<width>810</width>
				<align>center</align>
				<label>13005</label>
				<onclick>ShutDown()</onclick>
			</control>
			<control type="button" id="3118">
				<description>Reboot button</description>
				<width>810</width>
				<align>center</align>
				<label>13013</label>
				<onclick>XBMC.Reset()</onclick>
			</control>
		</control>
	</controls>
</window>
