<?xml version="1.0" encoding="UTF-8"?>
<!-- Maltsev.v.v -->
<window>
	<defaultcontrol always="true">3</defaultcontrol>
	<allowoverlay>yes</allowoverlay>
	<controls>
		<include>background</include>
		<include>button</include>
<!-- 		<description>Фон</description>
		<control type="image">
			<left>40</left>
			<top>70</top>
			<width>945</width>
			<height>690</height>
			<texture>contentpanel.png</texture>
		</control> -->
		<control type="grouplist" id="3">
			<description>Верхняя панель категорий</description>
			<left>100</left>
			<top>30</top>
			<width>750</width>
			<height>65</height>
			<align>center</align>
			<itemgap>45</itemgap>
			<orientation>horizontal</orientation>
			<onup>5</onup>
			<ondown>5</ondown>
			<onleft>9000</onleft>
			<onright>9000</onright>
		</control>
		<control type="button" id="10">
			<width>300</width>
			<height>65</height>
			<!-- <texturefocus>button-focus.png</texturefocus>
			<texturenofocus>button.png</texturenofocus> -->
			<!-- <textcolor>FF000000</textcolor>
			<focusedcolor>FFB0C4DE</focusedcolor>
			<selectedcolor>FFB22222</selectedcolor>
			<disabledcolor>gray</disabledcolor> -->
			
			<textcolor>ffb87e53</textcolor>
			<focusedcolor>ffed6504</focusedcolor>
			<disabledcolor>gray</disabledcolor>
			<textoffsetx>5</textoffsetx>
			<textoffsety>5</textoffsety>
			<pulseonselect>false</pulseonselect>
			<wrapmultiline>false</wrapmultiline>
			<align>center</align>
			<aligny>center</aligny>
			<font>60</font>
			<scroll>true</scroll>
		</control>		
		
  		<control type="grouplist" id="5">
			<description>Лист</description>
			<left>150</left>
			<top>110</top>
			<width>750</width>
			<height>550</height>
			<orientation>vertical</orientation>
			<itemgap>1</itemgap>
			<onup>3</onup>
			<ondown>5</ondown>
			<onleft>9000</onleft>
			<onright>9000</onright>
		</control>
		<control type="button" id="7">
			<description>Default Button</description>
			<width>250</width>
			<height>65</height>
			<texturefocus>-</texturefocus>
			<texturenofocus>-</texturenofocus>
			<!-- <textcolor>FF000000</textcolor>
			<focusedcolor>FFB0C4DE</focusedcolor>
			<selectedcolor>FFB22222</selectedcolor>
			<disabledcolor>gray</disabledcolor> -->
			<textcolor>ffb87e53</textcolor>
			<focusedcolor>ffed6504</focusedcolor>
			<disabledcolor>gray</disabledcolor>
			
			<textoffsetx>5</textoffsetx>
			<textoffsety>5</textoffsety>
			<pulseonselect>false</pulseonselect>
			<wrapmultiline>false</wrapmultiline>
			<align>left</align>
			<aligny>center</aligny>
			<font>60</font>
		</control>
		<control type="radiobutton" id="8">
			<description>Default RadioButton</description>
			<width>250</width>
			<height>65</height>
			<texturefocus>-</texturefocus>
			<texturenofocus>-</texturenofocus>
			<!-- <textureradiofocus></textureradiofocus>
			<textureradionofocus></textureradionofocus> -->
			<!-- <textcolor>FF000000</textcolor>
			<focusedcolor>FFB0C4DE</focusedcolor>
			<selectedcolor>FFB22222</selectedcolor>
			<disabledcolor>gray</disabledcolor> -->
			<radioposx>670</radioposx>
			<textcolor>ffb87e53</textcolor>
			<focusedcolor>ffed6504</focusedcolor>
			<disabledcolor>gray</disabledcolor>
			
			<textoffsetx>5</textoffsetx>
			<textoffsety>5</textoffsety>
			<textwidth>650</textwidth>
			<pulseonselect>false</pulseonselect>
			<wrapmultiline>false</wrapmultiline>
			<align>left</align>
			<aligny>center</aligny>
			<font>60</font>
		</control>
		<control type="spincontrolex" id="9">
			<description>Default SpinControlex</description>
			<width>250</width>
			<height>65</height>
			<texturefocus>-</texturefocus>
			<texturenofocus>-</texturenofocus>
			<!-- <textcolor>FF000000</textcolor>
			<focusedcolor>FFB0C4DE</focusedcolor>
			<selectedcolor>FFB22222</selectedcolor>
			<disabledcolor>gray</disabledcolor> -->
			
			<textcolor>ffb87e53</textcolor>
			<focusedcolor>ffed6504</focusedcolor>
			<disabledcolor>gray</disabledcolor>
			
			<textoffsetx>5</textoffsetx>
			<textoffsety>5</textoffsety>
			<textwidth>300</textwidth>
			<textureup>scroll-up.png</textureup>
			<textuFFB22222own>scroll-down.png</textuFFB22222own>
			<textureupfocus>scroll-up-focus.png</textureupfocus>
			<textuFFB22222ownfocus>scroll-down-focus.png</textuFFB22222ownfocus>
			<spinwidth>50</spinwidth>
			<spinheight>50</spinheight>
			<spinposx></spinposx>
			<spinposy></spinposy>
			<pulseonselect>false</pulseonselect>
			<wrapmultiline>false</wrapmultiline>
			<align>left</align>
			<aligny>center</aligny>
			<font>60</font>
		</control>
		<control type="edit" id="12">
			<description>Default Edit</description>
			<width>auto</width>
			<height>65</height>
			<!-- <textcolor>FF000000</textcolor>
			<focusedcolor>FFB0C4DE</focusedcolor>
			<selectedcolor>FFB22222</selectedcolor>
			<disabledcolor>gray</disabledcolor> -->
			<textcolor>ffb87e53</textcolor>
			<focusedcolor>ffed6504</focusedcolor>
			<disabledcolor>gray</disabledcolor>
			
			<!-- <texturefocus>button-focus.png</texturefocus>
			<texturenofocus>button.png</texturenofocus> -->
			<pulseonselect>false</pulseonselect>
			<font>60</font>
			<align>left</align>
			<aligny>center</aligny>
		</control>
		<control type="sliderex" id="13">
			<description>Default Slider</description>
			<width>200</width>
			<height>65</height>
			<!-- <texturefocus>button-focus.png</texturefocus>
			<texturenofocus>button.png</texturenofocus>
			<textcolor>FF000000</textcolor>
			<focusedcolor>FFB0C4DE</focusedcolor>
			<selectedcolor>FFB22222</selectedcolor>
			<disabledcolor>gray</disabledcolor> -->
			<textcolor>ffb87e53</textcolor>
			<focusedcolor>ffed6504</focusedcolor>
			<disabledcolor>gray</disabledcolor>
			
			<textoffsetx>5</textoffsetx>
			<textoffsety>5</textoffsety>
			<textwidth>500</textwidth>
			<pulseonselect>false</pulseonselect>
			<texturesliderbar>slider_bg.png</texturesliderbar>
			<textureslidernib border="2">slidernibnf.png</textureslidernib>
			<textureslidernibfocus border="2">slidernibfo.png</textureslidernibfocus>
			<sliderwidth>150</sliderwidth>
			<sliderheight>55</sliderheight>
			<font>60</font>
		</control>
<!-- 		<control type="label" id="14">
			<description>Default Heading</description>
			<width>auto</width>
			<height>65</height>
			<align>center</align>
			<aligny>center</aligny>
			<textcolor>FFB0C4DE</textcolor>
			<font>40</font>
		</control>
 -->

		<control type="group" id="9000">
			<control type="button" id="28">
				<description>Left Up</description>
				<description>Ok</description>
				<left>0</left>
				<top>95</top>
				<width>135</width>
				<height>283</height>
				<texturefocus>buttons/LeftUpFo.png</texturefocus>
				<texturenofocus>buttons/LeftUpNf.png</texturenofocus>
				<align></align>
				<aligny>left</aligny>
				<textcolor>ffb87e53</textcolor>
				<focusedcolor>ffed6504</focusedcolor>
				<textwidth>300</textwidth>
				<textoffsetx>5</textoffsetx>
				<textoffsety>-75</textoffsety>
				<font>70</font>
				<!-- <label>$LOCALIZE[186]</label> -->
				<onup>30</onup>
				<ondown>29</ondown>
				<onleft>5</onleft>
				<onright>3</onright>
			</control>
			<control type="button" id="29">
				<description>Right UP</description>
				<description>Cancel</description>
				<left>895</left>
				<top>95</top>
				<width>135</width>
				<height>283</height>
				<texturefocus>buttons/RightUpFo.png</texturefocus>
				<texturenofocus>buttons/RightUpNf.png</texturenofocus>
				<align>right</align>
				<aligny>-</aligny>
				<!-- <label>$LOCALIZE[222]</label> -->
				<font>70</font>
				<textcolor>ffb87e53</textcolor>
				<focusedcolor>ffed6504</focusedcolor>
				<textwidth>300</textwidth>
				<textoffsetx>10</textoffsetx>
				<textoffsety>-75</textoffsety>
				<onup>28</onup>
				<ondown>30</ondown>
				<onleft>5</onleft>
				<onright>3</onright>
			</control>		
			<control type="button" id="30">
				  <description>right_down</description>
				  <description>Cancel</description>
				  <left>895</left>
				  <top>390</top>
				  <width>135</width>
				  <height>283</height>
				  <texturefocus>buttons/RightDownFo.png</texturefocus>
				  <texturenofocus>buttons/RightDownNf.png</texturenofocus>
				  <align>right</align>
				  <aligny></aligny>
				  <textcolor>ffb87e53</textcolor>
				  <focusedcolor>ffed6504</focusedcolor>
				  <textwidth>400</textwidth>
				  <textoffsetx>10</textoffsetx>
				  <textoffsety>280</textoffsety>
				  <font>70</font>
				  <!-- <label>$LOCALIZE[119]</label> -->
				  <onup>29</onup>
				  <ondown>28</ondown>
				  <onleft>5</onleft>
				  <onright>3</onright>
			</control>
		</control>
<!-- 		<control type="grouplist" id="9001">
			<left>50</left>
			<top>650</top>
			<width>930</width>
			<height>65</height>
			<align>center</align>
			<itemgap>45</itemgap>
			<orientation>horizontal</orientation>
			<onup>5</onup>
			<ondown>3</ondown>
			<control type="button" id="28">
				<description>OK Button</description>
				<width>250</width>
				<height>65</height>
				<texturefocus>button-focus.png</texturefocus>
				<texturenofocus>button.png</texturenofocus>
				<textcolor>FF000000</textcolor>
				<focusedcolor>FFB0C4DE</focusedcolor>
				<selectedcolor>FFB22222</selectedcolor>
				<disabledcolor>gray</disabledcolor>
				<textoffsetx>5</textoffsetx>
				<textoffsety>5</textoffsety>
				<pulseonselect>false</pulseonselect>
				<wrapmultiline>false</wrapmultiline>
				<align>center</align>
				<aligny>center</aligny>
				<font>40</font>
			</control>
			<control type="button" id="29">
				<description>Cancel Button</description>
				<width>250</width>
				<height>65</height>
				<texturefocus>button-focus.png</texturefocus>
				<texturenofocus>button.png</texturenofocus>
				<textcolor>FF000000</textcolor>
				<focusedcolor>FFB0C4DE</focusedcolor>
				<selectedcolor>FFB22222</selectedcolor>
				<disabledcolor>gray</disabledcolor>
				<textoffsetx>5</textoffsetx>
				<textoffsety>5</textoffsety>
				<pulseonselect>false</pulseonselect>
				<wrapmultiline>false</wrapmultiline>
				<align>center</align>
				<aligny>center</aligny>
				<font>40</font>
				<label/>
			</control>
			<control type="button" id="30">
		 		<description>Defaults Button</description>
				<width>250</width>
				<height>65</height>
				<texturefocus>button-focus.png</texturefocus>
				<texturenofocus>button.png</texturenofocus>
				<textcolor>FF000000</textcolor>
				<focusedcolor>FFB0C4DE</focusedcolor>
				<selectedcolor>FFB22222</selectedcolor>
				<disabledcolor>gray</disabledcolor>
				<textoffsetx>5</textoffsetx>
				<textoffsety>5</textoffsety>
				<pulseonselect>false</pulseonselect>
				<wrapmultiline>false</wrapmultiline>
				<align>center</align>
				<aligny>center</aligny>
				<font>40</font>
			</control>
		</control> -->
	</controls>
</window>
