<?xml version="1.0" encoding="UTF-8"?>
<window>
	<defaultcontrol always="true">5</defaultcontrol>
	<controls>
		<include>background</include>
		<include>button</include>
		<control type="grouplist" id="5">
			<left>156</left>
			<top>110</top>
			<width>712</width>
			<height>550</height>
			<description>control area</description>
			<height>470</height>
			<orientation>vertical</orientation>
			<onleft>9000</onleft>
		    <onright>9000</onright>
			<animation effect="slide" start="0,0" end="-10,0" time="0" condition="Control.IsVisible(60)">Conditional</animation>
		</control>
		<control type="button" id="7">
		</control>
		<control type="radiobutton" id="8">
			<radioposx>640</radioposx>
		</control>
		<control type="spincontrolex" id="9">
			<textcolor>ffb87e53</textcolor>
			<focusedcolor>ffed6504</focusedcolor>
		</control>
		<control type="edit" id="12">
		</control>
		<control type="sliderex" id="13">
			<textcolor>ffb87e53</textcolor>
			<focusedcolor>ffed6504</focusedcolor>
		</control>
		<control type="label" id="14">
		</control>

		<control type="group" id="9000">
			<control type="button" id="28">
				<description>Left Up</description>
				<description>OK</description>
				<top>95</top>
				<left>0</left>
				<width>135</width>
				<height>283</height>
				<texturefocus>buttons/LeftUpFo.png</texturefocus>
				<texturenofocus>buttons/LeftUpNf.png</texturenofocus>
				<align></align>
				<aligny>left</aligny>
				<onup>29</onup>
				<ondown>29</ondown>
				<onleft>-</onleft>
				<onright>5</onright>
				<label>$LOCALIZE[107]</label>
				<font>70</font>
				<textcolor>ffb87e53</textcolor>
				<focusedcolor>ffed6504</focusedcolor>
				<textwidth>300</textwidth>
				<textoffsetx>5</textoffsetx>
				<textoffsety>-75</textoffsety>
			</control>

			<control type="button" id="29">
				<description>Right UP</description>
				<description>Cancel</description>
				<left>895</left>
				<top>95</top>
				<width>135</width>
				<height>283</height>
				<texturefocus>buttons/RightUpFo.png</texturefocus>
				<texturenofocus>buttons/RightUpNf.png</texturenofocus>
				<align>right</align>
				<aligny>-</aligny>
				<onup>28</onup>
				<ondown>30</ondown>
				<onleft>5</onleft>
				<onright>-</onright>
				<font>70</font>
				<textcolor>ffb87e53</textcolor>
				<focusedcolor>ffed6504</focusedcolor>
				<textwidth>300</textwidth>
				<textoffsetx>10</textoffsetx>
				<textoffsety>-75</textoffsety>
			</control>	

			<control type="button" id="30">
				<description>right_down</description>
				<description>Settings Button</description>
				<left>895</left>
				<top>390</top>
				<width>135</width>
				<height>283</height>
				<texturefocus>buttons/RightDownFo.png</texturefocus>
				<texturenofocus>buttons/RightDownNf.png</texturenofocus>
				<align>right</align>
				<aligny></aligny>
				<label>-</label>
				<font>70</font>
				<textcolor>ffb87e53</textcolor>
				<focusedcolor>ffed6504</focusedcolor>
				<textwidth>400</textwidth>
				<textoffsetx>10</textoffsetx>
				<textoffsety>280</textoffsety>
				<onclick>-</onclick>
				<onup>29</onup>
				<ondown>28</ondown>
				<onleft>5</onleft>
				<onright>-</onright>
			</control>
		</control>
	</controls>
</window>
