<?xml version="1.0" encoding="UTF-8"?>
<window>
	<!-- <defaultcontrol always="true">308</defaultcontrol> -->
	<defaultcontrol always="true">9000</defaultcontrol>
	<controls>
		<include>background</include>
		<include>button</include>
		
		<control type="group">
			<visible>!Window.IsVisible(numericinput)</visible>
			<control type="group">
				<left>0</left>
				<top>0</top>
				<visible>Control.IsVisible(313)</visible>
				<control type="label" id="313">
					<description>HZCODE label</description>
					<left>55</left>
					<top>18</top>
					<width>50</width>
					<height>20</height>
					<textcolor>FFB0C4DE</textcolor>
					<font>30</font>
					<align>center</align>
					<aligny>center</aligny>
				</control>
				<control type="label" id="314">
					<description>HZLIST label</description>
					<left>55</left>
					<top>55</top>
					<width>50</width>
					<height>20</height>
					<textcolor>FFB0C4DE</textcolor>
					<font>30</font>
					<align>center</align>
					<aligny>center</aligny>
				</control>
			</control>
			<control type="edit" id="312">
				<description>Edit Text</description>
				<left>55</left>
				<top>100</top>
				<width>910</width>
				<height>65</height>
				<font>40</font>
				<aligny>center</aligny>
				<textcolor>ffb87e53</textcolor>
				<focusedcolor>ffed6504</focusedcolor>
				<selectedcolor>ffed6504</selectedcolor>
				<disabledcolor>gray</disabledcolor>
				<texturefocus>button-focus.png</texturefocus>
				<texturenofocus>button.png</texturenofocus>
				<pulseonselect>false</pulseonselect>
				<onright>300</onright>
				<onleft>308</onleft>
			</control>

			<control type="group">
				<left>110</left>
				<top>160</top>
				<onright>300</onright>
				<onleft>308</onleft>
				<!-- 1st row -->
				<control type="grouplist" id="1">
					<top>70</top>
					<itemgap>5</itemgap>
					<orientation>horizontal</orientation>
					<onright>300</onright>
					<onleft>308</onleft>
					<control type="button" id="309">
						<description>Layout button</description>
						<height>65</height>
						<width>135</width>
						<textoffsetx>0</textoffsetx>
						<texturenofocus>button.png</texturenofocus>
						<texturefocus>button-focus.png</texturefocus>
						<textcolor>ffb87e53</textcolor>
						<focusedcolor>FFB0C4DE</focusedcolor>
						<selectedcolor>FFB22222</selectedcolor>
						<disabledcolor>gray</disabledcolor>
						<align>center</align>
						<aligny>center</aligny>
						<font>30</font>
						<label>20177</label>
						<onup>308</onup>
						<ondown>100</ondown>
						<!-- <onright>300</onright> -->
						<onleft>308</onleft>
					</control>				
					<control type="button" id="100">
						<width>65</width>
						<height>65</height>
						<font>30</font>
						<align>center</align>
						<onup>309</onup>
						<ondown>101</ondown>
					</control>
					<control type="button" id="101">
						<description>(0,1) key button</description>
						<width>65</width>
						<height>65</height>
						<font>30</font>
						<align>center</align>
						<onup>100</onup>
						<ondown>102</ondown>
					</control>
					<control type="button" id="102">
						<description>(0,2) key button</description>
						<width>65</width>
						<height>65</height>
						<font>30</font>
						<align>center</align>
						<onup>101</onup>
						<ondown>103</ondown>
					</control>
					<control type="button" id="103">
						<description>(0,3) key button</description>
						<width>65</width>
						<height>65</height>
						<font>30</font>
						<align>center</align>
						<onup>102</onup>
						<ondown>104</ondown>
					</control>
					<control type="button" id="104">
						<width>65</width>
						<height>65</height>
						<align>center</align>
						<font>30</font>
						<onup>103</onup>
						<ondown>105</ondown>
					</control>
					<control type="button" id="105">
						<description>(0,5) key button</description>
						<width>65</width>
						<height>65</height>
						<align>center</align>
						<font>30</font>
						<onup>104</onup>
						<ondown>106</ondown>
					</control>
					<control type="button" id="106">
						<description>(0,6) key button</description>
						<width>65</width>
						<height>65</height>
						<font>30</font>
						<align>center</align>
						<onup>105</onup>
						<ondown>107</ondown>
					</control>
					<control type="button" id="107">
						<description>(0,7) key button</description>
						<width>65</width>
						<height>65</height>
						<font>30</font>
						<align>center</align>
						<onup>106</onup>
						<ondown>108</ondown>
					</control>
					<control type="button" id="108">
						<description>(0,8) key button</description>
						<width>65</width>
						<height>65</height>
						<font>30</font>
						<align>center</align>
						<onup>107</onup>
						<ondown>109</ondown>
					</control>
					<control type="button" id="109">
						<description>(0,9) key button</description>
						<width>65</width>
						<height>65</height>
						<font>30</font>
						<align>center</align>
						<onup>108</onup>
						<ondown>110</ondown>
					</control>
					<control type="button" id="110">
						<description>(0,10) key button</description>
						<width>65</width>
						<height>65</height>
						<font>30</font>
						<align>center</align>
						<onup>109</onup>
						<ondown>111</ondown>
					</control>
					<control type="button" id="111">
						<description>(0,11) key button</description>
						<width>65</width>
						<height>65</height>
						<font>30</font>
						<align>center</align>
						<onup>110</onup>
						<ondown>307</ondown>
					</control>
				</control>
				<!-- 2nd row -->
				<control type="grouplist" id="2">
					<orientation>horizontal</orientation>
					<top>140</top>
					<itemgap>5</itemgap>
					<onright>300</onright>
					<onleft>308</onleft>
					<control type="button" id="307">
						<description>IP Input button</description>
						<height>65</height>
						<width>65</width>
						<label>IP</label>
						<font>30</font>
						<align>center</align>
						<onup>111</onup>
						<ondown>120</ondown>
						<onright>300</onright>
						<onleft>308</onleft>
					</control>
					<control type="button" id="120">
						<description>key button (Q)</description>
						<width>65</width>
						<height>65</height>
						<font>30</font>
						<align>center</align>
						<onup>307</onup>
						<ondown>121</ondown>
					</control>
					<control type="button" id="121">
						<description>key button (W)</description>
						<width>65</width>
						<height>65</height>
						<font>30</font>
						<align>center</align>
						<onup>120</onup>
						<ondown>122</ondown>
					</control>
					<control type="button" id="122">
						<description>(1,2) key button</description>
						<width>65</width>
						<height>65</height>
						<font>30</font>
						<align>center</align>
						<onup>121</onup>
						<ondown>123</ondown>
					</control>
					<control type="button" id="123">
						<description>(1,3) key button</description>
						<width>65</width>
						<height>65</height>
						<font>30</font>
						<align>center</align>
						<onup>122</onup>
						<ondown>124</ondown>
					</control>
					<control type="button" id="124">
						<description>(1,4) key button</description>
						<width>65</width>
						<height>65</height>
						<font>30</font>
						<align>center</align>
						<onup>123</onup>
						<ondown>125</ondown>
					</control>
					<control type="button" id="125">
						<description>(1,5) key button</description>
						<width>65</width>
						<height>65</height>
						<font>30</font>
						<align>center</align>
						<onup>124</onup>
						<ondown>126</ondown>
					</control>
					<control type="button" id="126">
						<description>(1,6) key button</description>
						<width>65</width>
						<height>65</height>
						<font>30</font>
						<align>center</align>
						<onup>125</onup>
						<ondown>127</ondown>
					</control>
					<control type="button" id="127">
						<description>(1,7) key button</description>
						<width>65</width>
						<height>65</height>
						<font>30</font>
						<align>center</align>
						<onup>126</onup>
						<ondown>128</ondown>
					</control>
					<control type="button" id="128">
						<description>(1,8) key button</description>
						<width>65</width>
						<height>65</height>
						<font>30</font>
						<align>center</align>
						<onup>127</onup>
						<ondown>129</ondown>
					</control>
					<control type="button" id="129">
						<description>(1,9) key button</description>
						<width>65</width>
						<height>65</height>
						<font>30</font>
						<align>center</align>
						<onup>128</onup>
						<ondown>130</ondown>
					</control>
					<control type="button" id="130">
						<description>(1,10) key button</description>
						<width>65</width>
						<height>65</height>
						<font>30</font>
						<align>center</align>
						<onup>129</onup>
						<ondown>131</ondown>
					</control>
					<control type="button" id="131">
						<description>(1,11) key button</description>
						<width>65</width>
						<height>65</height>
						<font>30</font>
						<align>center</align>
						<onup>130</onup>
						<ondown>303</ondown>
					</control>
				</control>
				<!-- 3rd row -->
				<control type="grouplist" id="3">
					<top>210</top>
					<onright>300</onright>
					<onleft>308</onleft>
					<orientation>horizontal</orientation>
					<itemgap>5</itemgap>
					<control type="radiobutton" id="303">
						<description>CAPS LOCK button</description>
						<height>65</height>
						<width>135</width>
						<label>20179</label>
						<textoffsetx>0</textoffsetx>
						<texturenofocus>button.png</texturenofocus>
						<texturefocus>button-focus.png</texturefocus>
						<textwidth>auto</textwidth>
						<textcolor>ffb87e53</textcolor>
						<focusedcolor>FFB0C4DE</focusedcolor>
						<selectedcolor>FFB22222</selectedcolor>
						<disabledcolor>gray</disabledcolor>
						<radiowidth>50</radiowidth>
						<radioheight>50</radioheight>
						<radioposx>90</radioposx>
						<radioposy></radioposy>
						<wrapmultiline>false</wrapmultiline>
						<align>left</align>
						<aligny></aligny>
						<font>30</font>
						<onup>131</onup>
						<ondown>140</ondown>
					</control>
					<control type="button" id="140">
						<description>(2,0) key button</description>
						<width>65</width>
						<height>65</height>
						<font>30</font>
						<align>center</align>
						<onup>303</onup>
						<ondown>141</ondown>
					</control>
					<control type="button" id="141">
						<description>(2,1) key button</description>
						<width>65</width>
						<height>65</height>
						<font>30</font>
						<align>center</align>
						<onup>140</onup>
						<ondown>142</ondown>
					</control>
					<control type="button" id="142">
						<description>(2,2) key button</description>
						<width>65</width>
						<height>65</height>
						<font>30</font>
						<align>center</align>
						<onup>141</onup>
						<ondown>143</ondown>
					</control>
					<control type="button" id="143">
						<description>(2,3) key button</description>
						<width>65</width>
						<height>65</height>
						<font>30</font>
						<align>center</align>
						<onup>142</onup>
						<ondown>144</ondown>
					</control>
					<control type="button" id="144">
						<description>(2,4) key button</description>
						<width>65</width>
						<height>65</height>
						<font>30</font>
						<align>center</align>
						<onup>143</onup>
						<ondown>145</ondown>
					</control>
					<control type="button" id="145">
						<description>(2,5) key button</description>
						<width>65</width>
						<height>65</height>
						<font>30</font>
						<align>center</align>
						<onup>144</onup>
						<ondown>146</ondown>
					</control>
					<control type="button" id="146">
						<description>(2,6) key button</description>
						<width>65</width>
						<height>65</height>
						<font>30</font>
						<align>center</align>
						<onup>145</onup>
						<ondown>147</ondown>
					</control>
					<control type="button" id="147">
						<description>(2,7) key button</description>
						<width>65</width>
						<height>65</height>
						<font>30</font>
						<align>center</align>
						<onup>146</onup>
						<ondown>148</ondown>
					</control>
					<control type="button" id="148">
						<description>(2,8) key button</description>
						<width>65</width>
						<height>65</height>
						<font>30</font>
						<align>center</align>
						<onup>147</onup>
						<ondown>149</ondown>
					</control>
					<control type="button" id="149">
						<description>(2,9) key button</description>
						<width>65</width>
						<height>65</height>
						<font>30</font>
						<align>center</align>
						<onup>148</onup>
						<ondown>150</ondown>
					</control>
					<control type="button" id="150">
						<description>(2,10) key button</description>
						<width>65</width>
						<height>65</height>
						<font>30</font>
						<align>center</align>
						<onup>149</onup>
						<ondown>151</ondown>
					</control>
					<control type="button" id="151">
						<description>(2,11) key button</description>
						<width>65</width>
						<height>65</height>
						<font>30</font>
						<align>center</align>
						<onup>150</onup>
						<ondown>302</ondown>
					</control>
				</control>
				<!-- 4th row -->
				<control type="grouplist" id="4">
					<top>280</top>
					<itemgap>5</itemgap>
					<onright>300</onright>
					<onleft>308</onleft>
					<orientation>horizontal</orientation>
					<control type="radiobutton" id="302">
						<description>SHIFT button</description>
						<height>65</height>
						<width>135</width>
						<textoffsetx>0</textoffsetx>
						<texturenofocus border="3">button.png</texturenofocus>
						<texturefocus border="5">button-focus.png</texturefocus>
						<textcolor>ffb87e53</textcolor>
						<focusedcolor>FFB0C4DE</focusedcolor>
						<selectedcolor>FFB22222</selectedcolor>
						<disabledcolor>gray</disabledcolor>
						<radiowidth>50</radiowidth>
						<radioheight>50</radioheight>
						<radioposx>90</radioposx>
						<align>left</align>
						<aligny>top</aligny>
						<font>30</font>
						<label>20178</label>
						<onup>151</onup>
						<ondown>160</ondown>
					</control>
					<control type="button" id="160">
						<description>(3,0) key button</description>
						<width>65</width>
						<height>65</height>
						<font>30</font>
						<align>center</align>
						<onup>302</onup>
						<ondown>161</ondown>
					</control>
					<control type="button" id="161">
						<description>(3,1) key button</description>
						<width>65</width>
						<height>65</height>
						<font>30</font>
						<align>center</align>
						<onup>160</onup>
						<ondown>162</ondown>
					</control>
					<control type="button" id="162">
						<description>(3,2) key button</description>
						<width>65</width>
						<height>65</height>
						<font>30</font>
						<align>center</align>
						<onup>161</onup>
						<ondown>163</ondown>
					</control>
					<control type="button" id="163">
						<description>(3,3) key button</description>
						<width>65</width>
						<height>65</height>
						<font>30</font>
						<align>center</align>
						<onup>162</onup>
						<ondown>164</ondown>
					</control>
					<control type="button" id="164">
						<description>(3,4) key button</description>
						<width>65</width>
						<height>65</height>
						<font>30</font>
						<align>center</align>
						<onup>163</onup>
						<ondown>165</ondown>
					</control>
					<control type="button" id="165">
						<description>(3,5) key button</description>
						<width>65</width>
						<height>65</height>
						<font>30</font>
						<align>center</align>
						<onup>164</onup>
						<ondown>166</ondown>
					</control>
					<control type="button" id="166">
						<description>(3,6) key button</description>
						<width>65</width>
						<height>65</height>
						<font>30</font>
						<align>center</align>
						<onup>165</onup>
						<ondown>167</ondown>
					</control>
					<control type="button" id="167">
						<description>(3,7) key button</description>
						<width>65</width>
						<height>65</height>
						<font>30</font>
						<align>center</align>
						<onup>166</onup>
						<ondown>168</ondown>
					</control>
					<control type="button" id="168">
						<texturefocus>button-focus.png</texturefocus>
						<width>65</width>
						<height>65</height>
						<font>30</font>
						<align>center</align>
						<onup>167</onup>
						<ondown>169</ondown>
					</control>
					<control type="button" id="169">
						<description>(3,9) key button</description>
						<width>65</width>
						<height>65</height>
						<font>30</font>
						<align>center</align>
						<onup>168</onup>
						<ondown>170</ondown>
					</control>
					<control type="button" id="170">
						<description>(3,10) key button</description>
						<width>65</width>
						<height>65</height>
						<font>30</font>
						<align>center</align>
						<onup>169</onup>
						<ondown>171</ondown>
					</control>
					<control type="button" id="171">
						<description>(3,11) key button</description>
						<width>65</width>
						<height>65</height>
						<font>30</font>
						<align>center</align>
						<onup>170</onup>
						<ondown>304</ondown>
					</control>
				</control>
				<!-- 5th row -->
				<control type="grouplist" id="5">
					<top>350</top>
					<itemgap>5</itemgap>
					<onright>300</onright>
					<onleft>308</onleft>
					<orientation>horizontal</orientation>
					<control type="radiobutton" id="304">
						<description>Symbols button</description>
						<height>65</height>
						<width>135</width>
						<label>@#!*</label>
						<textcolor>ffb87e53</textcolor>
						<focusedcolor>FFB0C4DE</focusedcolor>
						<textoffsetx>0</textoffsetx>
						<texturenofocus>button.png</texturenofocus>
						<texturefocus>button-focus.png</texturefocus>
						<radiowidth>50</radiowidth>
						<radioheight>50</radioheight>
						<radioposx>90</radioposx>
						<align>center</align>
						<aligny>center</aligny>
						<font>30</font>
						<onup>171</onup>
						<ondown>32</ondown>
					</control>
						<control type="button" id="32">
						<description>SPACE button</description>
						<width>135</width>
						<height>65</height>
						<label>20182</label>
						<font>30</font>
						<align>center</align>
						<onup>304</onup>
						<ondown>8</ondown>
					</control>
					<control type="button" id="8">
						<description>BACKSPACE button</description>
						<width>135</width>
						<height>65</height>
						<font>30</font>
						<align>center</align>
						<label>20181</label>
						<onup>32</onup>
						<ondown>305</ondown>
					</control>
					<control type="button" id="305">
						<description>previous button</description>
						<width>65</width>
						<height>65</height>
						<label>&lt;</label>
						<font>30</font>
						<align>center</align>
						<onup>8</onup>
						<ondown>306</ondown>
					</control>
					<control type="button" id="306">
						<description>next button</description>
						<width>65</width>
						<height>65</height>
						<label>&gt;</label>
						<font>30</font>
						<align>center</align>
						<onup>305</onup>
						<ondown>300</ondown>
					</control>
				</control>
			</control>
		</control>
				<!-- 6th row -->
		<control type="group" id="9000">
			<control type="button" id="308">
				<description>Left Up</description>
				<left>0</left>
				<top>95</top>
				<width>135</width>
				<height>283</height>
				<texturefocus>buttons/LeftUpFo.png</texturefocus>
				<texturenofocus>buttons/LeftUpNf.png</texturenofocus>
				<label>222</label>
				<onclick>Close</onclick>
				<align></align>
				<aligny>left</aligny>
				<font>70</font>
				<textcolor>ffb87e53</textcolor>
				<focusedcolor>ffed6504</focusedcolor>
				<textwidth>300</textwidth>
				<textoffsetx>5</textoffsetx>
				<textoffsety>-75</textoffsety>
				<onup>-</onup>
				<ondown>9000</ondown>
				<onleft>-</onleft>
				<onright>1</onright>
			</control>
			<control type="button" id="300">
				<description>right_up</description>
				<left>895</left>
				<top>95</top>
				<width>135</width>
				<height>283</height>
				<texturefocus>buttons/RightUpFo.png</texturefocus>
				<texturenofocus>buttons/RightUpNf.png</texturenofocus>
				<align>right</align>
				<aligny>-</aligny>
				<label>$LOCALIZE[20177]</label>
				<font>70</font>
				<textcolor>ffb87e53</textcolor>
				<focusedcolor>ffed6504</focusedcolor>
				<textwidth>300</textwidth>
				<textoffsetx>10</textoffsetx>
				<textoffsety>-75</textoffsety>
				<onup>-</onup>
				<ondown>9000</ondown>
				<onleft>1</onleft>
				<onright>-</onright>
			</control>
		</control>
	</controls>
</window>
