<?xml version="1.0" encoding="UTF-8"?>
<window>
	<defaultcontrol always="true">9000</defaultcontrol>
	<allowoverlay>yes</allowoverlay>
	<controls>
		<include>background</include>
		<include>button</include>

		<control type="label">
			<description>Название Addon</description>
			<left>0</left>
			<top>30</top>
			<width>1024</width>
			<height>60</height>
			<align>center</align>
			<aligny>center</aligny>
			<textcolor>ffb87e53</textcolor>
			<font>60</font>
			<label>[B]$INFO[ListItem.Property(Addon.Name)][/B]</label>
			<scroll>true</scroll>
		</control> 		
		<control type="image">
			<left>120</left>
			<top>120</top>
			<width>250</width>
			<height>250</height>
			<aspectratio>keep</aspectratio>
			<texture fallback="DefaultAddon.png">$INFO[ListItem.Icon]</texture>
			<aspectratio align="center" aligny="top">keep</aspectratio>
			<bordertexture border="5">button-focus.png</bordertexture>
			<bordersize>5</bordersize>
		</control>
		<control type="label">
			<description>Version Addon</description>
			<left>120</left>
			<top>370</top>
			<width>250</width>
			<height>50</height>
			<align>center</align>
			<textcolor>ffb87e53</textcolor>
			<wrapmultiline>true</wrapmultiline>
			<font>50</font>
			<label>[B]$INFO[ListItem.AddonVersion][/B]</label>
		</control>
		<control type="label">
			<description>Информация про Addon</description>
			<left>350</left>
			<top>200</top>
			<width>540</width>
			<height>90</height>
			<align>center</align>
			<textcolor>ffb87e53</textcolor>
			<wrapmultiline>true</wrapmultiline>
			<font>50</font>
			<label>[B]$INFO[ListItem.AddonSummary][/B]</label>

		</control>
		<control type="textbox">
			<description>Описание Addon</description>
			<left>140</left>
			<top>430</top>
			<width>740</width>
			<height>230</height>
			<align>justify</align>
			<textcolor>ffb87e53</textcolor>
			<label>$INFO[ListItem.AddonDescription]</label>
		</control>
		<control type="group" id="9000">
<!-- 			<control type="button" id="222">
				<description>Left Up</description>
				<left>0</left>
				<top>95</top>
				<width>135</width>
				<height>283</height>
				<texturefocus>buttons/LeftUpFo.png</texturefocus>
				<texturenofocus>buttons/LeftUpNf.png</texturenofocus>
				<label>$LOCALIZE[222]</label>
				<onclick>Back</onclick>
				<align></align>
				<aligny>left</aligny>
				<font>70</font>
				<textcolor>ffb87e53</textcolor>
				<focusedcolor>ffed6504</focusedcolor>
				<textwidth>300</textwidth>
				<textoffsetx>5</textoffsetx>
				<textoffsety>-75</textoffsety>
				<onup>7</onup>
				<ondown>12</ondown>
				<onleft>-</onleft>
				<onright>-</onright>
			</control> -->
			<control type="button" id="9">
				<description>Left Up</description>
				<left>0</left>
				<top>95</top>
				<width>135</width>
				<height>283</height>
				<texturefocus>buttons/LeftUpFo.png</texturefocus>
				<texturenofocus>buttons/LeftUpNf.png</texturenofocus>
				<label>$LOCALIZE[24020]</label>
				<onclick>-</onclick>
				<align></align>
				<aligny>left</aligny>
				<font>70</font>
				<textcolor>ffb87e53</textcolor>
				<focusedcolor>ffed6504</focusedcolor>
				<textwidth>300</textwidth>
				<textoffsetx>5</textoffsetx>
				<textoffsety>-75</textoffsety>
				<onup>7</onup>
				<ondown>12</ondown>
				<onleft>-</onleft>
				<onright>-</onright>
			</control>	

			<control type="button" id="12">
				<description>Запустить Addon</description>
				<description>left_down</description>
				<left>0</left>
				<top>390</top>
				<width>135</width>
				<height>283</height>
				<texturefocus>buttons/LeftDownFo.png</texturefocus>
				<texturenofocus>buttons/LeftDownNf.png</texturenofocus>
				<align></align>
				<aligny>left</aligny>
				<label>$LOCALIZE[518]</label>
				<label></label>
				<font>70</font>
				<textcolor>ffb87e53</textcolor>
				<focusedcolor>ffed6504</focusedcolor>
				<textwidth>300</textwidth>
				<textoffsetx>5</textoffsetx>
				<textoffsety>280</textoffsety>
				<onclick>-</onclick>
				<onup>9</onup>
				<ondown>6</ondown>
				<onleft>-</onleft>
				<onright>-</onright>
			</control>

			<control type="button" id="6">
				<description>Установить/Удалить Addon</description>
				<description>right_up</description>
				<left>895</left>
				<top>95</top>
				<width>135</width>
				<height>283</height>
				<texturefocus>buttons/RightUpFo.png</texturefocus>
				<texturenofocus>buttons/RightUpNf.png</texturenofocus>
				<align>right</align>
				<aligny>-</aligny>
				<label></label>
				<font>70</font>
				<textcolor>ffb87e53</textcolor>
				<focusedcolor>ffed6504</focusedcolor>
				<textwidth>300</textwidth>
				<textoffsetx>10</textoffsetx>
				<textoffsety>-75</textoffsety>
				<onclick>-</onclick>
				<onup>6</onup>
				<ondown>7</ondown>
				<onleft>-</onleft>
				<onright>-</onright>
			</control>

			<control type="button" id="7">
				  <description>Включить/Выключить Addon</description>
				  <left>895</left>
				  <top>390</top>
				  <width>135</width>
				  <height>283</height>
				  <texturefocus>buttons/RightDownFo.png</texturefocus>
				  <texturenofocus>buttons/RightDownNf.png</texturenofocus>
				  <align>right</align>
				  <aligny></aligny>
				  <label>$LOCALIZE[5]</label>
				  <font>70</font>
				  <textcolor>ffb87e53</textcolor>
				  <focusedcolor>ffed6504</focusedcolor>
				  <textwidth>400</textwidth>
				  <textoffsetx>10</textoffsetx>
				  <textoffsety>280</textoffsety>
				  <onclick>-</onclick>
				  <onup>6</onup>
				  <ondown>9</ondown>
				  <onleft>12</onleft>
				  <onright>-</onright>
			</control>
		</control>
<!-- 
		<control type="grouplist" id="9000">
			<control type="button" id="6">
				<description>Установить/Удалить Addon</description>
				<width>160</width>
				<font>40</font>
				<align>center</align>
				<label>$LOCALIZE[24022]</label>
			</control>
			<control type="button" id="7">
				<description>Включить/Выключить Addon</description>
				<width>160</width>
				<font>40</font>
				<align>center</align>
				<label>$LOCALIZE[24022]</label>
			</control>
			<control type="button" id="8">
				<description>Обновить Addon</description>
				<width>160</width>
				<font>40</font>
				<align>center</align>
				<label>$LOCALIZE[24069]</label>
			</control>
			<control type="button" id="9">
				<description>Настроить Addon</description>
				<width>160</width>
				<font>40</font>
				<align>center</align>
				<label>$LOCALIZE[24020]</label>
			</control>
			<control type="button" id="12">
				<description>Запустить Addon</description>
				<width>160</width>
				<font>40</font>
				<align>center</align>
				<label>$LOCALIZE[518]</label>
			</control>
		</control> -->
	</controls>
</window>
