<?xml version="1.0" encoding="UTF-8"?>
<window id="2000">
	<defaultcontrol always="true">3</defaultcontrol>
	<controls>
		<!-- <include>contentpanel</include> -->
		<include>background</include>
		<include>button</include>
		
		<control type="label" id="1">
			<left>40</left>
			<top>10</top>
			<width>940</width>
			<align>center</align>
		</control>
		<control type="list" id="3">
			<pagecontrol>60</pagecontrol>
			<onup>3</onup>
			<ondown>3</ondown>
			<onleft>60</onleft>
			<onright>7</onright>
		</control>
		<control type="scrollbar" id="60">
			<animation effect="fade" start="120" end="-30" time="500" delay="50" condition="!Control.HasFocus(60)">Conditional</animation>
			<onleft>5</onleft>
			<onright>7</onright>
		</control>
		<control type="list" id="6">
			<pagecontrol>60</pagecontrol>
			<scroll>true</scroll>
			<onup>6</onup>
			<ondown>6</ondown>
			<onleft>5</onleft>
			<onright>7</onright>
		</control>

		<control type="button" id="5">
			<description>Left Up</description>
			<left>0</left>
			<top>95</top>
			<width>135</width>
			<height>283</height>
			<texturefocus>buttons/LeftUpFo.png</texturefocus>
			<texturenofocus>buttons/LeftUpNf.png</texturenofocus>
			<align></align>
			<aligny>left</aligny>
			<onup>200</onup>
			<ondown>200</ondown>
			<onleft>-</onleft>
			<onright>3</onright>
			<font>70</font>
			<textcolor>ffb87e53</textcolor>
			<focusedcolor>ffed6504</focusedcolor>
			<textwidth>300</textwidth>
			<textoffsetx>5</textoffsetx>
			<textoffsety>-75</textoffsety>
		</control>

		<control type="button" id="7">
			  <description>Right UP</description>
			  <description>Cancel</description>
			  <left>895</left>
			  <top>95</top>
			  <width>135</width>
			  <height>283</height>
			  <texturefocus>buttons/RightUpFo.png</texturefocus>
			  <texturenofocus>buttons/RightUpNf.png</texturenofocus>
			  <align>right</align>
			  <aligny>-</aligny>
			  <onup>-</onup>
			  <ondown>-</ondown>
			  <onleft>3</onleft>
			  <onright>-</onright>
			  <font>70</font>
			  <textcolor>ffb87e53</textcolor>
			  <focusedcolor>ffed6504</focusedcolor>
			  <textwidth>300</textwidth>
			  <textoffsetx>10</textoffsetx>
			  <textoffsety>-75</textoffsety>
		</control>	
	</controls>
</window>