<?xml version="1.0" encoding="UTF-8"?>
<window id="3">
	<defaultcontrol always="true">20</defaultcontrol>
	<allowoverlay>yes</allowoverlay>
	<controls>
		<include>background</include>
		<include>button</include>
		<control type="label" id="12">
			<top>5</top>
			<left>110</left>
			<width>430</width>
			<align>left</align>
			<font>40</font>
			<textcolor>ffb87e53</textcolor>
			<focusedcolor>ffed6504</focusedcolor>
			<scroll>true</scroll>
		</control>
		<control type="label">
			<top>5</top>
			<left>110</left>
			<width>430</width>
			<align>right</align>
			<font>40</font>
			<textcolor>ffb87e53</textcolor>
			<focusedcolor>ffed6504</focusedcolor>
			<scroll>true</scroll>
			<label>$INFO[Container(20).CurrentItem,, / ]$INFO[Container(20).NumItems]</label>
		</control>
		<control type="label" id="101">
			<top>40</top>
			<left>110</left>
			<width>430</width>
			<align>left</align>
			<font>40</font>
			<textcolor>ffb87e53</textcolor>
			<focusedcolor>ffed6504</focusedcolor>
			<scroll>true</scroll>
		</control>
<!-- 		<control type="label">
			<top>670</top>
			<left>110</left>
			<width>260</width>
			<align>center</align>
			<font>40</font>
			<textcolor>ffb87e53</textcolor>
			<focusedcolor>ffed6504</focusedcolor>
			<scroll>true</scroll>
			<label>$LOCALIZE[350054]</label>
		</control> -->
		
		<control type="group">
			<description>Левая панель</description>
			<control type="list" id="20">
				<animation effect="fade" start="100" end="30" time="500" delay="50" condition="!Control.HasFocus(20)">Conditional</animation>
				<top>110</top>
				<left>120</left>
				<width>430</width>
				<height>540</height>
				<align>top</align>
				<itemgap>5</itemgap>
				<pagecontrol>60</pagecontrol>
				<onleft>Highlight</onleft>
				<onright>60</onright>
				<onup>20</onup>
				<ondown>20</ondown>
				<itemlayout height="45" width="430">
					<control type="label">
						<top>0</top>
						<left>0</left>
						<width>430</width>
						<align>left</align>
						<font>40</font>
					    <textcolor>ffb87e53</textcolor>
					    <!-- <focusedcolor>FFB0C4DE</focusedcolor> -->
						<scroll>true</scroll>
						<aligny>center</aligny>
						<label>$INFO[ListItem.Label]   </label>
					</control>
					<control type="label">
						<left>0</left>
						<top>0</top>
						<width>430</width>
						<align>right</align> 
						<font>30</font>
					    <textcolor>ffb87e53</textcolor>
					    <focusedcolor>ffed6504</focusedcolor>
						<info>ListItem.Label2</info>
					</control>
				</itemlayout>
				<focusedlayout height="45" width="430">
					<control type="label">
						<left>0</left>
						<top>0</top>
						<width>430</width>
						<font>40</font>
					    <textcolor>ffed6504</textcolor>
					   <!--  <focusedcolor>ffb87e53</focusedcolor> -->
					    <shadowcolor>FFB0C4DE</shadowcolor>
						<align>left</align>
						<scroll>true</scroll>
						<label>$INFO[ListItem.Label]   </label>
					</control>
					<control type="label">
						<left>0</left>
						<top>0</top>
						<width>430</width>
						<font>30</font>
					    <textcolor>ffb87e53</textcolor>
					    <focusedcolor>ffed6504</focusedcolor>
						<align>right</align> 
						<info>ListItem.Label2</info>
					</control>
				</focusedlayout>
			</control>


			<control type="scrollbar" id="60">
				<top>125</top>
				<left>520</left>
				<width>75</width>
				<height>515</height>
				<onleft>20</onleft>
				<onright>21</onright>
			</control>
		</control>


		<control type="label" id="13">
			<top>5</top>
			<left>570</left>
			<width>350</width>
			<align>left</align>
			<font>40</font>
			<textcolor>ffb87e53</textcolor>
			<focusedcolor>ffed6504</focusedcolor>
			<scroll>true</scroll>
		</control>
		<control type="label">
			<top>5</top>
			<left>570</left>
			<width>350</width>
			<align>right</align>
			<font>40</font>
			<textcolor>ffb87e53</textcolor>
			<focusedcolor>ffed6504</focusedcolor>
			<scroll>true</scroll>
			<label>$INFO[Container(21).CurrentItem,, / ]$INFO[Container(21).NumItems]</label>
		</control>
		<control type="label" id="102">
			<top>40</top>
			<left>570</left>
			<width>350</width>
			<align>left</align>
			<font>40</font>
			<textcolor>ffb87e53</textcolor>
			<focusedcolor>ffed6504</focusedcolor>
			<scroll>true</scroll>
		</control>
<!-- 		<control type="label">
			<top>670</top>
			<left>610</left>
			<width>330</width>
			<align>center</align>
			<font>40</font>
			<textcolor>ffb87e53</textcolor>
			<focusedcolor>ffed6504</focusedcolor>
			<scroll>true</scroll>
			<label>$LOCALIZE[350054]</label>
		</control> -->

		<control type="list" id="21">
			<animation effect="fade" start="100" end="30" time="500" delay="50" condition="!Control.HasFocus(21)">Conditional</animation>
			<top>110</top>
			<left>560</left>
			<width>330</width>
			<height>540</height>
			<pagecontrol>-</pagecontrol>
			<onleft>20</onleft>
			<onright>Highlight</onright>
			<onup>21</onup>
			<ondown>21</ondown>
			<itemlayout height="45" width="330">
				<control type="label">
					<left>0</left>
					<top>0</top>
					<width>330</width>
					<align>left</align>
					<font>40</font>
					<textcolor>ffb87e53</textcolor>
					<focusedcolor>ffed6504</focusedcolor>
					<scroll>true</scroll>
					<label>   $INFO[ListItem.Label]</label>
				</control>
				<control type="label">
					<left>0</left>
					<top>0</top>
					<width>330</width>
					<align>right</align> 
					<font>30</font>
					<textcolor>ffb87e53</textcolor>
					<focusedcolor>ffed6504</focusedcolor>
					<scrollspeed>50</scrollspeed>
					<info>ListItem.Label2</info>
				</control>
			</itemlayout>
			<focusedlayout height="45" width="473">
				<control type="label">
					<left>0</left>
					<top>0</top>
					<width>473</width>
					<align>left</align>
					<font>40</font>
					<textcolor>ffed6504</textcolor>
					<focusedcolor>ffed6504</focusedcolor>
					<scroll>true</scroll>
					<label>   $INFO[ListItem.Label]</label>
				</control>
				<control type="label">
					<left>0</left>
					<top>0</top>
					<width>473</width>
					<font>30</font>
					<textcolor>ffb87e53</textcolor>
					<focusedcolor>ffed6504</focusedcolor>
					<align>right</align> 
					<info>ListItem.Label2</info>
				</control>
			</focusedlayout>
		</control>
	</controls>

</window>