<?xml version="1.0" encoding="UTF-8"?>
<window id="10003">
	<defaultcontrol always="true">450</defaultcontrol>
	<allowoverlay>yes</allowoverlay>
	<controls>
		<include>background</include>
		<include>button</include>
		<control type="list" id="450">
			<animation effect="fade" start="100" end="30" time="500" delay="50" condition="!Control.HasFocus(450)">Conditional</animation>
			<onup>450</onup>
			<ondown>450</ondown>
			<onleft>413</onleft>
			<onright>414</onright>
		</control>
		<control type="group" id="9000">
			<control type="button" id="413">
				<description>Left Up</description>
				<description>Ok</description>
				<left>0</left>
				<top>95</top>
				<width>135</width>
				<height>283</height>
				<texturefocus>buttons/LeftUpFo.png</texturefocus>
				<texturenofocus>buttons/LeftUpNf.png</texturenofocus>
				<align></align>
				<aligny>left</aligny>
				<textcolor>ffb87e53</textcolor>
				<focusedcolor>ffed6504</focusedcolor>
				<textwidth>300</textwidth>
				<textoffsetx>5</textoffsetx>
				<textoffsety>-75</textoffsety>
				<font>70</font>
				<label>$LOCALIZE[186]</label>
				<onup>414</onup>
				<ondown>414</ondown>
				<onleft>Back</onleft>
				<onright>450</onright>
			</control>
			<control type="button" id="414">
				<description>Right UP</description>
				<description>Cancel</description>
				<left>895</left>
				<top>95</top>
				<width>135</width>
				<height>283</height>
				<texturefocus>buttons/RightUpFo.png</texturefocus>
				<texturenofocus>buttons/RightUpNf.png</texturenofocus>
				<align>right</align>
				<aligny>-</aligny>
				<label>$LOCALIZE[222]</label>
				<font>70</font>
				<textcolor>ffb87e53</textcolor>
				<focusedcolor>ffed6504</focusedcolor>
				<textwidth>300</textwidth>
				<textoffsetx>10</textoffsetx>
				<textoffsety>-75</textoffsety>
				<onup>415</onup>
				<ondown>415</ondown>
				<onleft>450</onleft>
				<onright>450</onright>
			</control>		
			<control type="button" id="415">
				  <description>right_down</description>
				  <description>New Folder</description>
				  <left>895</left>
				  <top>390</top>
				  <width>135</width>
				  <height>283</height>
				  <texturefocus>buttons/RightDownFo.png</texturefocus>
				  <texturenofocus>buttons/RightDownNf.png</texturenofocus>
				  <align>right</align>
				  <aligny></aligny>
				  <textcolor>ffb87e53</textcolor>
				  <focusedcolor>ffed6504</focusedcolor>
				  <textwidth>400</textwidth>
				  <textoffsetx>10</textoffsetx>
				  <textoffsety>280</textoffsety>
				  <font>70</font>
				  <label>$LOCALIZE[119]</label>
				  <onup>413</onup>
				  <ondown>413</ondown>
				  <onleft>450</onleft>
				  <onright>450</onright>
			</control>
		</control>
	</controls>
</window>
