<?xml version="1.0" encoding="UTF-8"?>
<!-- RNS-D -->
<fonts>
	<fontset id="default" unicode="true">

<!-- 		<font>
			<name>10</name>
			<filename>BebasNeue_Bold.ttf</filename>
			<size>10</size>
		</font>
		<font>
			<name>20</name>
			<filename>BebasNeue_Bold.ttf</filename>
			<size>20</size>
		</font> -->
		<font>
			<name>Medium</name>
			<filename>Verdana.ttf</filename>
			<size>30</size>
		</font>
		
		<font>
			<name>30</name>
			<filename>BebasNeue_Bold.ttf</filename>
			<size>30</size>
		</font>
		<font>
			<name>40</name>
			<filename>BebasNeue_Bold.ttf</filename>
			<size>40</size>
		</font>
		<font>
			<name>50</name>
			<filename>BebasNeue_Bold.ttf</filename>
			<size>50</size>
		</font>	
		<font>
			<name>60</name>
			<filename>BebasNeue_Bold.ttf</filename>
			<size>60</size>
		</font>
		<font>
			<name>70</name>
			<filename>BebasNeue_Bold.ttf</filename>
			<size>70</size>
		</font>
		<font>
			<name>80</name>
			<filename>BebasNeue_Bold.ttf</filename>
			<size>80</size>
		</font>
		<font>
			<name>100</name>
			<filename>BebasNeue_Bold.ttf</filename>
			<size>100</size>
		</font>
		<font>
			<name>150</name>
			<filename>BebasNeue_Bold.ttf</filename>
			<size>150</size>
		</font>
		<font>
			<name>200</name>
			<filename>BebasNeue_Bold.ttf</filename>
			<size>200</size>
		</font>
		<font>
			<name>300</name>
			<filename>BebasNeue_Bold.ttf</filename>
			<size>300</size>
		</font>
		<font>
			<name>350</name>
			<filename>BebasNeue_Bold.ttf</filename>
			<size>350</size>
		</font>
		<font>
			<name>400</name>
			<filename>BebasNeue_Bold.ttf</filename>
			<size>400</size>
		</font>
	</fontset>
</fonts>
