<?xml version="1.0" encoding="UTF-8"?>
<window id="10000">
<!-- RNS-D -->
	<defaultcontrol always="true">10</defaultcontrol>
	<allowoverlay>yes</allowoverlay>
	<controls>
		<include>background</include>
		<include>button</include>
		<include>equalizer</include>
		<include>canbus</include>
		<include>cpu</include>
		<include>time</include>
		<include>ip</include>
		
		<control type="group" id="1">
			<control type="button" id="10">
				<description>Left Up</description>
				<top>95</top>
				<left>0</left>
				<width>135</width>
				<height>283</height>
				<texturefocus>buttons/LeftUpFo.png</texturefocus>
				<texturenofocus>buttons/LeftUpNf.png</texturenofocus>
				<align>left</align>
				<aligny></aligny>
				<label>$LOCALIZE[2]</label>
				<font>70</font>
				<textcolor>ffb87e53</textcolor>
				<focusedcolor>ffed6504</focusedcolor>
				<textwidth>300</textwidth>
				<textoffsetx>5</textoffsetx>
				<textoffsety>-75</textoffsety>
				<!-- <onclick>ActivateWindow(Music,/home/pi/music,return)</onclick>
				<onclick condition="[System.IsMaster | !Skin.HasSetting(HomeMenuMusicUsePlaylist)] + String.IsEqual(Window.Property(MusicDirectLink),True)">ActivateWindow(Music)</onclick>
				<onclick condition="[System.IsMaster | !Skin.HasSetting(HomeMenuMusicUsePlaylist)] + !String.IsEqual(Window.Property(MusicDirectLink),True)">ActivateWindow(Music,root)</onclick>
				<onclick condition="!System.IsMaster + Skin.HasSetting(HomeMenuMusicUsePlaylist)">ActivateWindow(Music,$INFO[Skin.String(HomeMenuMusicPlaylist)],return)</onclick>  -->
				<onclick>ActivateWindow(Music,files,return)</onclick>
				<onup>13</onup>
				<ondown>11</ondown>
				<onleft>SkipPrevious</onleft>
				<onright>12</onright>
			</control>

			<control type="button" id="11">
				<description>Left_Down</description>
				<left>0</left>
				<top>390</top>
				<width>135</width>
				<height>283</height>
				<texturefocus>buttons/LeftDownFo.png</texturefocus>
				<texturenofocus>buttons/LeftDownNf.png</texturenofocus>
				<align>left</align>
				<aligny></aligny>
				<label>$LOCALIZE[342]</label>
				<font>70</font>
				<textcolor>ffb87e53</textcolor>
				<focusedcolor>ffed6504</focusedcolor>
				<textwidth>300</textwidth>
				<textoffsetx>5</textoffsetx>
				<textoffsety>280</textoffsety>
				<!-- <onclick>ActivateWindow(Videos,/home/pi/movies,return)</onclick>
				<onclick condition="String.IsEqual(Window.Property(VideosDirectLink),True)">ActivateWindow(Videos)</onclick>
				<onclick condition="!String.IsEqual(Window.Property(VideosDirectLink),True)">ActivateWindow(Videos,root)</onclick> -->
				<onclick>ActivateWindow(Videos,files,return)</onclick>
				<onup>10</onup>
				<ondown>12</ondown>
				<onleft>SkipPrevious</onleft>
				<onright>13</onright>
			</control>
		</control>

		<control type="group" id="2">
			<control type="button" id="12">
				<description>Right UP</description>
				<left>895</left>
				<top>95</top>
				<width>135</width>
				<height>283</height>
				<texturefocus>buttons/RightUpFo.png</texturefocus>
				<texturenofocus>buttons/RightUpNf.png</texturenofocus>
				<align>right</align>
				<aligny>-</aligny>
				<label>$LOCALIZE[0]</label>
				<font>70</font>
				<textcolor>ffb87e53</textcolor>
				<focusedcolor>ffed6504</focusedcolor>
				<textwidth>300</textwidth>
				<textoffsetx>10</textoffsetx>
				<textoffsety>-75</textoffsety>
				<!-- <onclick>ActivateWindow(1111)</onclick> -->
				<onclick condition="!System.Platform.Android">ActivateWindow(Programs,Addons,return)</onclick>
				<onclick condition="System.Platform.Android">ActivateWindow(Programs)</onclick>
				<onup>11</onup>
				<ondown>13</ondown>
				<onleft>10</onleft>
				<onright>SkipNext</onright>
			</control>
			<control type="button" id="13">
				<description>right_down</description>
				<left>895</left>
				<top>390</top>
				<width>135</width>
				<height>283</height>
				<texturefocus>buttons/RightDownFo.png</texturefocus>
				<texturenofocus>buttons/RightDownNf.png</texturenofocus>
				<align>right</align>
				<aligny></aligny>
				<label>$LOCALIZE[5]</label>
				<font>70</font>
				<textcolor>ffb87e53</textcolor>
				<focusedcolor>ffed6504</focusedcolor>
				<textwidth>400</textwidth>
				<textoffsetx>10</textoffsetx>
				<textoffsety>280</textoffsety>
				<onclick>ActivateWindow(Settings)</onclick>
				<onup>12</onup>
				<ondown>10</ondown>
				<onleft>11</onleft>
				<onright>SkipNext</onright>
			</control>
		</control>
 		<control type="group">
			<left>0</left>
			<top>0</top>
			<ondown>30</ondown>
			<control type="group">
				<visible>Player.HasVideo</visible>
				<control type="videowindow">
					<description>Video in window</description>
					<left>140</left>
					<top>10</top>
					<width>750</width>
					<!-- <height>270</height> -->
					<aspectratio>keep</aspectratio>
				</control>
			</control>
		</control>

		<include>music</include>
		<include>canbus</include>
	</controls>
</window>
