<?xml version="1.0" encoding="UTF-8"?>
<includes>
	<description>Музыка</description>
	<include name="equalizer">
		<control type="group">
			<visible>Player.Playing</visible>
			<control type="multiimage">
				<description>Equalizer</description>
				<top>680</top>
				<left>-235</left>
				<!-- <width>19</width> -->
				<height>45</height>
				<visible>true</visible>
				<imagepath>other_textures/eq</imagepath>
				<timeperimage>500</timeperimage>
				<fadetime>200</fadetime>
				<pauseatend>0</pauseatend>
				<randomize>true</randomize>
				<loop>yes</loop>
				<aspectratio>keep</aspectratio>
			</control>
			<control type="image">
				<description>Audio Type</description>
				<top>675</top>
				<left>-95</left>
				<height>50</height>
				<texture>other_textures\audiocodec\$INFO[MusicPlayer.Codec].png</texture>
				<aspectratio>keep</aspectratio>
			</control>
		</control>
	</include>
 	<include name="music">
 		<control type="group">
			<visible>Player.HasAudio</visible>
			<top>160</top>
			<left>90</left>
			<control type="image">
				<description>CD Cover</description>
				<left>630</left>
				<top>125</top>
				<width>200</width>
				<height>200</height>
				<textcolor>ffb87e53</textcolor>
				<aspectratio>keep</aspectratio>
				<!-- <texture>$INFO[MusicPlayer.Cover]</texture> -->
				<texture fallback="other_textures\defaultcdda.png">$INFO[Player.Art(thumb)]</texture>
			</control>
			<control type="label">
				<description>number position</description>
				<top>-50</top>
				<width>770</width>
				<height>50</height>
				<font>50</font>
				<align>center</align>
				<textcolor>ffb87e53</textcolor>
				<label>$INFO[musicplayer.Playlistposition,$LOCALIZE[554]: ]$INFO[musicplayer.Playlistlength, / ]</label>
			</control>
			<control type="label">
				<description>Audio Artist</description>
				<top>25</top>
				<width>770</width>
				<height>50</height>
				<font>50</font>
				<align>center</align>
				<scroll>true</scroll>
				<textcolor>ffb87e53</textcolor>
				<label> $INFO[MusicPlayer.Artist]</label>
			</control>
			<control type="label">
				<description>Audio Title</description>
				<top>350</top>
				<width>770</width>
				<height>50</height>
				<font>50</font>
				<align>center</align>
				<scroll>true</scroll>
				<textcolor>ffb87e53</textcolor>
				<label> $INFO[MusicPlayer.Title]</label>
			</control>
			<control type="label">
				<description>Audio Album</description>
				<top>150</top>
				<left>-10</left>
				<width>250</width>
				<height>50</height>
				<font>50</font>
				<align>center</align>
				<scroll>true</scroll>
				<textcolor>ffb87e53</textcolor>
				<label>$INFO[ MusicPlayer.Album]</label>
			</control>
			<control type="label">
				<description>Audio Codec</description>
				<top>260</top>
				<left>-10</left>
				<width>250</width>
				<height>50</height>
				<font>50</font>
				<align>center</align>
				<scroll>true</scroll>
				<textcolor>ffb87e53</textcolor>
				<label>$INFO[MusicPlayer.Genre]</label>
			</control>
			<control type="label">
				<description>Audio Time</description>
				<top>420</top>
				<width>770</width>
				<height>50</height>
				<font>50</font>
				<align>center</align>
				<scroll>true</scroll>
				<textcolor>ffb87e53</textcolor>
				<label>$INFO[MusicPlayer.Time] / $INFO[MusicPlayer.Duration]</label>
			</control>
		</control>
		<control type="image">
			<description>if Pause</description>
			<visible>!Player.Pause</visible>
			<visible>Player.Paused</visible>
			<top>-10</top>
			<left>110</left>
			<width>800</width>
			<height>800</height>
			<texture>player/pause.png</texture>
			<aspectratio>keep</aspectratio>
		</control>
	</include>
</includes>
