<?xml version="1.0" encoding="UTF-8"?>
<includes>
	<include file="Defaults.xml" />
	<include file="View_50_List.xml" />
	<include file="IncludeCanBus.xml" />
	<include file="IncludeFrame.xml" />
	<include file="IncludeMusic.xml" />
	<include file="IncludeButton.xml" />
	
	<description>Фон</description>
	<include name="background">
		<control type="image">
			<left>0</left>
			<top>0</top>
			<width>1024</width>
			<height>768</height>
			<texture>contentpanel.png</texture>
		</control>
		<control type="image">
			<left>0</left>
			<top>0</top>
			<width>1024</width>
			<height>768</height>
			<texture>background.png</texture>
		</control>
	</include>

	<include name="contentpanel">
		<control type="image">
			<left>0</left>
			<top>0</top>
			<width>1024</width>
			<height>768</height>
			<texture>contentpanel.png</texture>
		</control>
	</include>

	<include name="panel">
		<control type="image">
			<left>100</left>
			<top>100</top>
			<width>1024</width>
			<height>768</height>
			<texture>contentpanel.png</texture>
		</control>
	</include>
	
	<description>Кнопка</description>
	<include name="select">
		<control type="image">
			<left>440</left>
			<top>655</top>
			<width>145</width> 
			<height>145</height>
			<aspectratio>keep</aspectratio>
			<texture>select-button.png</texture>
		</control>
	</include>

	<description>Image</description>
	<include name="image">
		<control type="image">
			<left></left>
			<top></top>
			<width>250</width>
			<height>250</height>
			<align>center</align>
			<aligny>center</aligny>
			<texture></texture>
		</control>
	</include>

	<include name="SettingsPanel">
		<itemlayout height="75" width="500">
			<control type="image">
				<left>40</left>
				<top>405</top>
				<width>440</width>
				<height>65</height>
				<texture>button.png</texture>
			</control>
			<control type="label">
				<left>40</left>
				<top>405</top>
				<width>440</width>
				<height>65</height>
				<font>70</font>
				<textcolor>FF000000</textcolor>
				<label>$INFO[ListItem.Label]</label>
				<align>center</align>
			</control>
		</itemlayout>
		<focusedlayout height="75" width="500">
<!-- 			<control type="image">
				<left>40</left>
				<top>405</top>
				<width>440</width>
				<height>65</height>
				<texture>button-focus.png</texture>
			</control> -->
			<control type="label">
				<left>40</left>
				<top>405</top>
				<width>440</width>
				<height>65</height>
				<font>70</font>
				<textcolor>FFB0C4DE</textcolor>
				<label>$INFO[ListItem.Label]</label>
				<align>center</align>
			</control>
		</focusedlayout>
	</include>

	<include name="time">
 		<control type="label">
			<left>25</left>
			<top>25</top>
			<width>960</width>
			<height>70</height>
			<font>70</font>
			<align>center</align>
			<textcolor>88FFFFFF</textcolor>
			<label>[B]$INFO[System.Time][/B]</label>
			<visible>[!Skin.HasSetting(time)]</visible>
		</control>
	</include>
	
	<include name="ip">
		<control type="label">
			<left>130</left>
			<top>110</top>
			<width>750</width>
			<height>50</height>
			<font>50</font>
			<info>Network.IPAddress</info>
			<align>right</align>
			<textcolor>88FFFFFF</textcolor>
			<visible>[!Skin.HasSetting(ip)]</visible>
		</control>
	</include>
	
	<include name="cpu">
		<control type="label">
			<left>130</left>
			<top>110</top>
			<width>750</width>
			<height>50</height>
			<font>50</font>
			<label>$INFO[System.CPUTemperature]</label>
			<align>left</align>
			<textcolor>88FFFFFF</textcolor>
			<visible>[!Skin.HasSetting(CPUTemperature)]</visible>
		</control>
	</include>
	<include name="boog">
		<control type="image">
			<animation effect="fade" start="120" end="-30" time="500" delay="50" condition="!Control.HasFocus(50)">Conditional</animation>
			<posx>120</posx>
			<posy>70</posy>
			<!-- <width>128</width>
			<height>684</height> -->
			<width>113</width>
			<height>615</height>
			<texture>boog.png</texture>
		</control>
	</include>
</includes>