<?xml version="1.0" encoding="UTF-8"?>
<includes>
	<include name="button">
		<description>Кнопки</description>
		<control type="image">
			<description>separator left</description>
			<left>-18</left>
			<top>373</top>
			<width>90</width>
			<height>20</height>
			<visible>true</visible>
			<texture>buttons/seperator.png</texture>
			<aspectratio>keep</aspectratio>
		</control>
		<control type="image">
			<description>separator right</description>
			<left>960</left>
			<top>373</top>
			<width>90</width>
			<height>20</height>
			<visible>true</visible>
			<texture>buttons/seperator.png</texture>
			<aspectratio>keep</aspectratio>
		</control>
		
		<control type="button">
			<description>Left Up</description>
			<left>0</left>
			<top>95</top>
			<width>135</width>
			<height>283</height>
			<texturefocus>buttons/LeftUp.png</texturefocus>
			<texturenofocus>buttons/LeftUp.png</texturenofocus>
			<align>left</align>
			<font>70</font>
			<textcolor>ffb87e53</textcolor>
			<focusedcolor>ffed6504</focusedcolor>
			<textwidth>300</textwidth>
			<textoffsetx>5</textoffsetx>
			<textoffsety>-75</textoffsety>
			<label></label>
			<onclick>-</onclick>
		</control>

		<control type="button">
			<description>Left Down</description>
			<left>0</left>
			<top>390</top>
			<width>135</width>
			<height>283</height>
			<texturefocus>buttons/LeftDown.png</texturefocus>
			<texturenofocus>buttons/LeftDown.png</texturenofocus>
			<label></label>
			<align>left</align>
			<font>70</font>
			<textcolor>ffb87e53</textcolor>
			<focusedcolor>ffed6504</focusedcolor>
			<textwidth>300</textwidth>
			<textoffsetx>5</textoffsetx>
			<textoffsety>280</textoffsety>
			<onclick>-</onclick>
		</control>


		<control type="button">
			<description>Right Up</description>
			<left>895</left>
			<top>95</top>
			<width>135</width>
			<height>283</height>
			<texturefocus>buttons/RightUp.png</texturefocus>
			<texturenofocus>buttons/RightUp.png</texturenofocus>
			<label></label>
			<align>right</align>
			<font>70</font>
			<textcolor>ffb87e53</textcolor>
			<focusedcolor>ffed6504</focusedcolor>
			<textwidth>300</textwidth>
			<textoffsetx>10</textoffsetx>
			<textoffsety>-75</textoffsety>
			<onclick>-</onclick>
		</control>
		<control type="button">
			<description>Right Down</description>
			<left>895</left>
			<top>390</top>
			<width>135</width>
			<height>283</height>
			<texturefocus>buttons/RightDown.png</texturefocus>
			<texturenofocus>buttons/RightDown.png</texturenofocus>
			<label></label>
			<align>right</align>
			<font>70</font>
			<textcolor>ffb87e53</textcolor>
			<focusedcolor>ffed6504</focusedcolor>
			<textwidth>400</textwidth>
			<textoffsetx>10</textoffsetx>
			<textoffsety>280</textoffsety>
			<onclick>-</onclick>
		</control>
	</include>

</includes>
