<?xml version="1.0" encoding="UTF-8"?>
<includes>
	<include name="canbus">
		<control type="group">
			<visible>[!Skin.HasSetting(temp)]</visible>
			<top>590</top>
			<left>30</left>
			<width>300</width>
			<control type="label">
				<top>-50</top>
				<width>300</width>
				<height>70</height>
				<font>Medium</font>
				<align>center</align>
				<textcolor>88FFFFFF</textcolor>
				<label>$LOCALIZE[350003]</label>
			</control>
			<control type="label">
				<width>300</width>
				<font>70</font>
				<align>center</align>
				<textcolor>88FFFFFF</textcolor>
				<label>[B]$INFO[Window(10000).Property(temp)][/B]°C</label>
			</control>
		</control>
	
		<control type="group">
			<visible>[!Skin.HasSetting(rpm)]</visible>
			<top>590</top>
			<left>640</left>
			<width>270</width>
			<height>0</height>
			<control type="label">
				<top>-50</top>
				<width>270</width>
				<height>70</height>
				<font>Medium</font>
				<align>center</align>
				<textcolor>88FFFFFF</textcolor>
				<label>$LOCALIZE[350004]</label>
			</control>
			<control type="label">
				<width>270</width>
				<font>70</font>
				<align>center</align>
				<textcolor>88FFFFFF</textcolor>
				<label>[B]$INFO[Window(10000).Property(rpm)][/B]</label>
			</control>	
		</control>
	
 		<control type="label">
			<visible>[!Skin.HasSetting(speed.big)]</visible>
			<description>SpeedBig</description>
			<top>250</top>
			<left>40</left>
			<width>940</width>
			<height>300</height>
			<font>300</font>
			<align>center</align>
			<textcolor>88FFFFFF</textcolor>
			<label>$INFO[Window(10000).Property(speed)]</label>
		</control>

		<control type="group">
			<visible>[!Skin.HasSetting(speed)]</visible>
			<top>660</top>
			<left>460</left>
			<control type="label">
				<width>100</width>
				<font>60</font>
				<align>left</align>
				<textcolor>88FFFFFF</textcolor>
				<label>[B]$INFO[Window(10000).Property(speed)][/B]</label>
			</control>
			<control type="label">
				<width>167</width>
				<height>70</height>
				<font>Medium</font>
				<align>right</align>
				<textcolor>88FFFFFF</textcolor>
				<label>$LOCALIZE[350005]</label>
			</control>
		</control>
	</include> 
</includes>
