<?xml version="1.0" encoding="UTF-8"?>
<window>
	<defaultcontrol always="true">100</defaultcontrol>
	<!-- <animation effect="fade" start="0" end="100" time="150">WindowOpen</animation>
	<animation effect="fade" start="100" end="0" time="150">WindowClose</animation> -->
	<!-- <allowoverlay>yes</allowoverlay> -->
	<onload condition="!Player.PauseEnabled">SetFocus(40)</onload>
	<defaultcontrol always="true">100</defaultcontrol>
	<controls>
		<control type="grouplist" id="100">

			<description>группа кнопок индикации</description>
			<left>90</left>
			<top>510</top>
			<width>820</width>
			<height>150</height>
			<scroll>true</scroll>
			<itemgap>-70</itemgap>
			<orientation>horizontal</orientation>

			<control type="button" id="39">
				<description>Previous</description>
				<width>200</width>
				<height>200</height>
				<font>2</font> 
				<texturefocus>player/previousfo.png</texturefocus>
				<texturenofocus>player/previous.png</texturenofocus>
				<onclick>PlayerControl(Previous)</onclick>
				<onup>51</onup>
				<ondown>41</ondown>
				<onleft>51</onleft>
				<onright>41</onright>
			</control>			
			<control type="button" id="41">
				<description>Stop</description>
				<width>200</width>
				<height>200</height>
				<font>2</font> 
				<texturefocus>player/stopfo.png</texturefocus>
				<texturenofocus>player/stop.png</texturenofocus>
				<onclick>PlayerControl(stop)</onclick>
				<onup>39</onup>
				<ondown>42</ondown>
				<onleft>39</onleft>
				<onright>42</onright>
			</control>				
			<control type="togglebutton" id="42">
				<width>200</width>
				<height>200</height>
				<font>2</font> 
				<texturefocus>player/playfo.png</texturefocus>
				<texturenofocus>player/play.png</texturenofocus>
				<usealttexture>!Player.IsPaused</usealttexture>
				<alttexturefocus>player/pausefo.png</alttexturefocus>
				<alttexturenofocus>player/pause.png</alttexturenofocus>
				<selected>Player.Paused</selected>
				<onclick>PlayerControl(Play)</onclick>
				<visible>Player.PauseEnabled</visible>
				<onup>41</onup>
				<ondown>43</ondown>
				<onleft>41</onleft>
				<onright>43</onright>
			</control>
			<control type="togglebutton" id="43">
				<width>200</width>
				<height>200</height>
				<font>2</font> 
				<texturefocus>player/randomoffFO.png</texturefocus>
				<texturenofocus>player/randomoff.png</texturenofocus>
				<usealttexture>!Player.IsRandom</usealttexture>
				<alttexturefocus>player/randomonFO.png</alttexturefocus>
				<alttexturenofocus>player/randomon.png</alttexturenofocus>
				<onclick>PlayerControl(Random)</onclick>
				<selected>Playlist.IsRandom</selected>
				<visible>Player.HasAudio</visible>
				<onup>42</onup>
				<ondown>44</ondown>
				<onleft>42</onleft>
				<onright>44</onright>
			</control>
			<control type="button" id="44">
				<description>Next</description>            
				<width>200</width>
				<height>200</height>
				<texturefocus>player/nextfo.png</texturefocus>
				<texturenofocus>player/next.png</texturenofocus>
				<onclick>PlayerControl(Next)</onclick>
				<onup>43</onup>
				<ondown>51</ondown>
				<onleft>43</onleft>
				<onright>51</onright>
			</control>
			<control type="group" id="51">
				<onup>44</onup>
				<ondown>39</ondown>
				<onleft>44</onleft>
				<onright>39</onright>
				<control type="button" id="52">
					<description>repeatOFF button</description>            
					<width>200</width>
					<height>200</height>
					<texturefocus>player/repeatoffFO.png</texturefocus>
					<texturenofocus>player/repeatoff.png</texturenofocus>
					<onclick>XBMC.PlayerControl(Repeat)</onclick>
					<visible>!Playlist.IsRepeat + !Playlist.IsRepeatOne</visible>
					<onup>44</onup>
					<ondown>39</ondown>
					<onleft>44</onleft>
					<onright>39</onright>
				</control>
				<control type="button" id="53">
					<description>repeatON button</description>            
					<width>200</width>
					<height>200</height>
					<texturefocus>player/repeatFO.png</texturefocus>
					<texturenofocus>player/repeat.png</texturenofocus>
					<onclick>XBMC.PlayerControl(Repeat)</onclick>
					<visible>Playlist.IsRepeat</visible>
					<onup>44</onup>
					<ondown>39</ondown>
					<onleft>44</onleft>
					<onright>39</onright>
				</control>                
				<control type="button" id="54">
					<description>repeatONE button</description>            
					<width>200</width>
					<height>200</height>
					<texturefocus>player/repeatoneFO.png</texturefocus>
					<texturenofocus>player/repeatone.png</texturenofocus>
					<onclick>XBMC.PlayerControl(Repeat)</onclick>
					<visible>Playlist.IsRepeatOne</visible>
					<onup>44</onup>
					<ondown>39</ondown>
					<onleft>44</onleft>
					<onright>39</onright>
				</control>
			</control>
		</control>

	</controls>
</window>

