<?xml version="1.0" encoding="UTF-8"?>
<window>
	<defaultcontrol always="true">130</defaultcontrol>
	<allowoverlay>yes</allowoverlay>
	<controls>
		<include>background</include>
		<include>button</include>
		<include>equalizer</include>
		<!-- <include>canbus</include> -->
		<!-- <include>cpu</include> -->
		<include>time</include>
		<!-- <include>ip</include> -->
		<control type="image">
			<description>if Pause</description>
			<visible>!Player.Pause</visible>
			<visible>Player.Paused</visible>
			<top>-10</top>
			<left>110</left>
			<width>800</width>
			<height>800</height>
			<texture>player/pause.png</texture>
			<aspectratio>keep</aspectratio>
		</control>
 		<control type="group">
			<!-- <visible>Player.HasAudio</visible> -->
			<top>160</top>
			<left>90</left>
			<control type="image">
				<description>CD Cover</description>
				<left>450</left>
				<top>50</top>
				<width>350</width>
				<height>350</height>
				<textcolor>ffb87e53</textcolor>
				<aspectratio>keep</aspectratio>
				<!-- <texture>$INFO[MusicPlayer.Cover]</texture> -->
				<texture fallback="other_textures\defaultcdda.png">$INFO[Player.Art(thumb)]</texture>
			</control>

			
			<control type="label">
				<description>Audio Artist</description>
				<top>-50</top>
				<width>770</width>
				<height>50</height>
				<font>50</font>
				<align>center</align>
				<scroll>true</scroll>
				<textcolor>ffb87e53</textcolor>
				<label> $INFO[MusicPlayer.Artist]</label>
			</control>
			<control type="label">
				<description>Audio Title</description>
				<top>10</top>
				<width>770</width>
				<height>50</height>
				<font>50</font>
				<align>center</align>
				<scroll>true</scroll>
				<textcolor>ffb87e53</textcolor>
				<label> $INFO[MusicPlayer.Title]</label>
			</control>
			<control type="label">
				<description>Audio Album</description>
				<top>120</top>
				<width>420</width>
				<height>50</height>
				<font>50</font>
				<align>center</align>
				<scroll>true</scroll>
				<textcolor>ffb87e53</textcolor>
				<label>$INFO[ MusicPlayer.Album]</label>
			</control>
			<control type="label">
				<description>Audio Codec</description>
				<top>220</top>
				<width>420</width>
				<height>50</height>
				<font>50</font>
				<align>center</align>
				<scroll>true</scroll>
				<textcolor>ffb87e53</textcolor>
				<label>$INFO[MusicPlayer.Genre]</label>
			</control>
			<control type="label">
				<description>number</description>
				<top>350</top>
				<width>330</width>
				<height>50</height>
				<font>50</font>
				<align>left</align>
				<textcolor>ffb87e53</textcolor>
				<label>$INFO[musicplayer.Playlistposition,$LOCALIZE[554]: ]$INFO[musicplayer.Playlistlength, / ]</label>
			</control>
			<control type="label">
				<description>Audio Time</description>
				<top>350</top>
				<left>460</left>
				<width>330</width>
				<height>50</height>
				<font>50</font>
				<align>center</align>
				<textcolor>ffb87e53</textcolor>
				<label>$INFO[MusicPlayer.Time] / $INFO[MusicPlayer.Duration]</label>
			</control>
		</control>
		<control type="group">
			<top>660</top>
			<left>460</left>
			<control type="label">
				<width>100</width>
				<font>60</font>
				<align>left</align>
				<textcolor>88FFFFFF</textcolor>
				<label>$INFO[Window(10000).Property(speed)]</label>
			</control>
			<control type="label">
				<width>167</width>
				<height>70</height>
				<font>Medium</font>
				<align>right</align>
				<textcolor>88FFFFFF</textcolor>
				<label>$LOCALIZE[350005]</label>
			</control>
		</control>
		<control type="label">
			<top>30</top>
			<left>-10</left>
			<width>250</width>
			<font>70</font>
			<align>center</align>
			<textcolor>88FFFFFF</textcolor>
			<label>[B]$INFO[Window(10000).Property(rpm)][/B] rpm</label>
		</control>	
		<control type="label">
			<top>680</top>
			<left>-10</left>
			<width>170</width>
			<font>70</font>
			<align>center</align>
			<textcolor>88FFFFFF</textcolor>
			<label>[B]$INFO[Window(10000).Property(temp)][/B] °C</label>
		</control>
	</controls>
</window>