<?xml version="1.0" encoding="UTF-8"?>
<window>
	<defaultcontrol always="true">50</defaultcontrol>
	<views>50,51</views>
	<menucontrol>9000</menucontrol>
	<controls>
		<include>background</include>
		<include>button</include>
		<control type="list" id="50">
			<left>130</left>
			<top>100</top>
			<width>760</width>
			<height>560</height>
			<align>top</align>
			<scroll>true</scroll>
			<pagecontrol>60</pagecontrol>
			<onup>50</onup>
			<ondown>50</ondown>
			<onleft>60</onleft>
			<onright>60</onright>
			<description>Нет фокуса</description>
			<itemlayout height="75">
			<!-- 	<control type="image">
					<width>910</width>
					<height>65</height>
					<texture>button.png</texture>
				</control> -->
				<description>Иконки</description>
				<control type="image">
					<aspectratio align="left">keep</aspectratio>
					<height>65</height>
					<texture>$INFO[listitem.icon]</texture>
				</control>
				<description>Название канала</description>
				<control type="label">
					<left>65</left>
					<top>0</top>
					<width>910</width>
					<height></height>
					<align>left</align>
					<aligny>center</aligny>
					<textcolor>ffb87e53</textcolor>
				<!-- 	<selectedcolor>ffed6504</selectedcolor> -->
					<font>50</font>
					<info>ListItem.Label</info>
				</control>
				<description>Шкала просмотра</description>
				<control type="progress">
					<left>470</left>
					<top>45</top>
					<width>440</width>
					<height>15</height>
					<visible>ListItem.HasEpg</visible>
					<info>ListItem.Progress</info>
				</control>
				<description>Сейчас воспризводится</description>
				<control type="label">
					<left>465</left>
					<top>0</top>
					<width>455</width>
					<height>50</height>
					<align>left</align>
					<aligny>center</aligny>
					<!-- <textcolor>FF000000</textcolor> -->
					<!-- <selectedcolor>FF222222</selectedcolor> -->
					<textcolor>88FFFFFF</textcolor>
					<font>40</font>
					<label>$INFO[ListItem.Title]</label>
				</control>
			</itemlayout>
			<description>В фокусе</description>
			<focusedlayout height="75">
			<!-- 	<control type="image">
					<width>910</width>
					<height>65</height>
					<texture>button-focus.png</texture>
				</control> -->
				<description>Иконки</description>
				<control type="image">
					<aspectratio align="left">keep</aspectratio>
					<height>65</height>
					<texture>$INFO[listitem.icon]</texture>
				</control>
				<description>Название канала</description>
				<control type="label">
					<left>65</left>
					<top>0</top>
					<width>460</width>
					<height></height>
					<align>left</align>
					<aligny>center</aligny>
					<!-- <selectedcolor>ffed6504</selectedcolor> -->
					<textcolor>ffed6504</textcolor>
					<!-- <textcolor>FF000000</textcolor> -->
					<font>50</font>
					<info>ListItem.Label</info>
				</control>
				<description>Шкала просмотра</description>
				<control type="progress">
					<left>470</left>
					<top>45</top>
					<width>440</width>
					<height>15</height>
					<visible>ListItem.HasEpg</visible>
					<info>ListItem.Progress</info>
				</control>
				<description>Сейчас воспризводится</description>
				<control type="label">
					<left>465</left>
					<top>0</top>
					<width>455</width>
					<height>50</height>
					<align>left</align>
					<aligny>center</aligny>
					<selectedcolor>FFB0C4DE</selectedcolor>
					<scroll>true</scroll>
					<!-- <textcolor>FF000000</textcolor> -->
					<font>40</font>
					<label>$INFO[ListItem.Title]   </label>
				</control>
			</focusedlayout>
		</control>
		<control type="scrollbar" id="60">
			<left>15</left>
			<top>65</top>
			<width>20</width>
			<height>620</height>
 			<!-- <animation effect="zoom" start="75" end="100" center="auto" tween="back" time="320" condition="Control.HasFocus(60)">Conditional</animation> -->
			<texturesliderbackground>buttons/scrollbar-nib-nofocus.png</texturesliderbackground>
			<textureslidernib>button.png</textureslidernib>
			<textureslidernibfocus>button-focus.png</textureslidernibfocus>
			<showonepage>true</showonepage>
			<orientation>vertical</orientation>
			<onleft>50</onleft>
			<onright>50</onright>
		</control>
		<control type="progress">
			<left>120</left>
			<top>20</top>
			<width>790</width>
			<height>55</height>
			<visible>ListItem.HasEpg</visible>
			<info>ListItem.Progress</info>
		</control>
		<control type="label">
			<left>130</left>
			<top>25</top>
			<width>770</width>
			<height>50</height>
			<align>center</align>
			<aligny>center</aligny>
			<textcolor>FFB0C4DE</textcolor>
			<font>50</font>
			<label>[COLOR 88FFFFFF] $LOCALIZE[19031]:[/COLOR] $INFO[ListItem.NextStartTime]: $INFO[ListItem.NextTitle]</label>
			<scroll>true</scroll>
		</control>
		<control type="label">
			<left>0</left>
			<top>5</top>
			<width>20</width>
			<align>center</align>
			<label>$INFO[ListItem.ChannelNumberLabel]</label>
		</control>
	</controls>
</window>
