<?xml version="1.0" encoding="UTF-8"?>
<window id="10025">
	<defaultcontrol always="true">50</defaultcontrol>
	<views>50</views>
	<controls>
		<include>background</include>
		<include>View_50_List</include>
		<include>button</include>
		<include>boog</include>
		<include>tijd</include>
		<include>equalizer</include>
		<control type="group" id="9000">
			<control type="button" id="222">
				<description>Left Up</description>
				<description>Cancel</description>
				<top>95</top>
				<left>0</left>
				<width>135</width>
				<height>283</height>
				<texturefocus>buttons/LeftUpFo.png</texturefocus>
				<texturenofocus>buttons/LeftUpNf.png</texturenofocus>
				<align></align>
				<aligny>left</aligny>
				<label>$LOCALIZE[222]</label>
				<font>70</font>
				<textcolor>ffb87e53</textcolor>
				<focusedcolor>ffed6504</focusedcolor>
				<textwidth>300</textwidth>
				<textoffsetx>5</textoffsetx>
				<textoffsety>-75</textoffsety>
				<onclick>Back</onclick>
				<onup>-</onup>
				<ondown>-</ondown>
				<onleft>50</onleft>
				<onright>50</onright>
			</control>
		</control>
		<control type="group">
			<visible>[!Skin.HasSetting(speed)]</visible>
			<top>660</top>
			<left>460</left>
			<control type="label">
				<width>100</width>
				<font>60</font>
				<align>left</align>
				<textcolor>88FFFFFF</textcolor>
				<label>[B]$INFO[Window(10000).Property(speed)][/B]</label>
			</control>
			<control type="label">
				<width>167</width>
				<height>70</height>
				<font>Medium</font>
				<align>right</align>
				<textcolor>88FFFFFF</textcolor>
				<label>$LOCALIZE[350005]</label>
			</control>
		</control>
	</controls>
</window>
