<?xml version="1.0" encoding="UTF-8"?>
<window>
	<defaultcontrol>3</defaultcontrol>
	<controls>
		<include>background</include>
		<include>button</include>
		<include>speed</include>
		<include>tijd</include>
		<include>equalizer</include>
 		<control type="label" id="14">
			<description>Default Label</description>
			<label/>
			<align>center</align>
		</control>
<!-- 		<control type="label">
			<left>50</left>
			<top>15</top>
			<width>925</width>
			<height>40</height>
			<font>40</font>
			<label>$LOCALIZE[10016]</label>
			<textcolor>FFB22222</textcolor>
			<align>center</align>
		</control> -->

	
		<control type="grouplist" id="3">
			<description>Левая панель</description>
			<left>150</left>
			<top>100</top>
			<width>247</width>
			<height>520</height>
			<orientation>vertical</orientation>
			<itemgap>5</itemgap>
			<align>top</align>
			<onleft>9000</onleft>
			<onright>5</onright>
			<onup>3</onup>
			<ondown>20</ondown>
			<animation type="Conditional" condition="ControlGroup(5).HasFocus()">
				<effect type="fade" time="200" start="100" end="30" delay="50"/>
				<effect type="slide" start="0,0" end="-120,0" time="200"/>
			</animation>
			<animation type="Conditional" condition="!ControlGroup(5).HasFocus()">
				<effect type="fade" time="200" start="30" end="100" delay="50"/>
				<effect type="slide" start="-120,0" end="0,0" time="200"/>
			</animation>
		</control>
		<control type="button" id="20">
			<description>Setting level button</description>
			<left>150</left>
			<top>597</top>
			<width>247</width>
			<font>40</font>
			<label>$LOCALIZE[10037]</label>
			<onup>3</onup>
			<ondown>3</ondown>
			<onleft>9000</onleft>
			<onright>5</onright>
			<onclick>SettingsLevelChange</onclick>
			<animation type="Conditional" condition="ControlGroup(5).HasFocus()">
				<effect type="fade" time="200" start="100" end="30" delay="50"/>
				<effect type="slide" start="0,0" end="-120,0" time="200"/>
			</animation>
			<animation type="Conditional" condition="!ControlGroup(5).HasFocus()">
				<effect type="fade" time="200" start="30" end="100" delay="50"/>
				<effect type="slide" start="-120,0" end="0,0" time="200"/>
			</animation>
		</control>
	

		<control type="grouplist" id="5">
			<description>Правая панель</description>
			<left>312</left>
			<top>100</top>
			<width>656</width>
			<height>560</height>
			<orientation>vertical</orientation>
			<itemgap>5</itemgap>
			<align>top</align>
			<onleft>3</onleft>
			<onright>60</onright>
			<onup>5</onup>
			<ondown>5</ondown>
			<animation type="Conditional" condition="!ControlGroup(5).HasFocus()">
				<effect type="fade" time="200" start="100" end="30" delay="50"/>
			</animation>
			<animation type="Focus">
				<effect type="fade" time="200" start="100" end="170" delay="50"/>
				<effect type="slide" start="0,0" end="-150,0" time="200"/>
			</animation>
			<animation type="UnFocus">
				<effect type="slide" start="-150,0" end="0,0" time="200"/>
			</animation>
		</control>
		
		<control type="button" id="10">
		</control>
		<control type="button" id="7">
		</control>
		<control type="radiobutton" id="8">
		</control>
		<control type="spincontrolex" id="9">
		</control>
		<control type="group" id="9000">
			<control type="button" id="222">
				<description>Left Up</description>
				<description>Cancel</description>
				<top>95</top>
				<left>0</left>
				<width>135</width>
				<height>283</height>
				<texturefocus>buttons/LeftUpFo.png</texturefocus>
				<texturenofocus>buttons/LeftUpNf.png</texturenofocus>
				<align></align>
				<aligny>left</aligny>
				<label>$LOCALIZE[222]</label>
				<font>70</font>
				<textcolor>ffb87e53</textcolor>
				<focusedcolor>ffed6504</focusedcolor>
				<textwidth>300</textwidth>
				<textoffsetx>5</textoffsetx>
				<textoffsety>-75</textoffsety>
				<onclick>Back</onclick>
				<onup>-</onup>
				<ondown>-</ondown>
				<onleft>3</onleft>
				<onright>3</onright>
			</control>
		</control>
	</controls>
</window>
