<?xml version="1.0" encoding="UTF-8"?>
<window>
	<defaultcontrol>8</defaultcontrol>
	<controls>
		<include>background</include>
		<control type="mover" id="8">
			<description>top left mover</description>
			<left>0</left>
			<top>0</top>
			<width>300</width>
			<height>300</height>
			<texturefocus>calibrate/top_left_fo.png</texturefocus>
			<texturenofocus>calibrate/top_left.png</texturenofocus>
		</control>
		<control type="mover" id="9">
			<description>right bottom mover</description>
			<left>1024</left>
			<top>768</top>
			<width>300</width>
			<height>300</height>
			<texturefocus>calibrate/bottom_right_fo.png</texturefocus>
			<texturenofocus>calibrate/bottom_right.png</texturenofocus>
		</control>
		<control type="mover" id="10">
			<description>subtitle position mover</description>
			<left>200</left>
			<top>400</top>
			<width>384</width>
			<height>128</height>
			<texturefocus>calibrate/subtitles_fo.png</texturefocus>
			<texturenofocus>calibrate/subtitles.png</texturenofocus>
		</control>
		<control type="resize" id="11">
			<description>pixel aspect ratio</description>
			<left>0</left>
			<top>390</top>
			<width>500</width>
			<height>500</height>
			<texturefocus>calibrate/pixel_ratio_fo.png</texturefocus>
			<texturenofocus>calibrate/pixel_ratio.png</texturenofocus>
		</control>
		<control type="label" id="2">
			<description>coordinates label</description>
			<left>0</left>
			<top>50</top>
			<width>100%</width>
			<align>center</align>
			<label></label>
			<font>30</font>
			<shadowcolor>FF000000</shadowcolor>
			
		</control>
		<control type="label" id="3">
			<description>help information</description>
			<left>0</left>
			<top>10</top>
			<width>100%</width>
			<align>center</align>
			<label></label>
			<font>40</font>
			<shadowcolor>FF000000</shadowcolor>
		</control>
	</controls>
</window>
