<?xml version="1.0" encoding="UTF-8"?>
<includes>
	<include name="View_50_List">

		<control type="list" id="50">
			<left>100</left>
			<top>125</top>
			<width>800</width>
			<height>520</height>
			<align>top</align>
			<scroll>true</scroll>
			<pagecontrol>60</pagecontrol>
			<onup>50</onup>
			<ondown>50</ondown>
			<onleft>60</onleft>
			<onright>9000</onright>
			
			<description>Нет фокуса</description>
			<itemlayout height="65">
<!-- 				<control type="image">
					<width>800</width>
					<height>65</height>
					<texture>button.png</texture>
				</control> -->
				<!-- <control type="image">
					<left>0</left>
					<top>0</top>
					<width>45</width>
					<height>65</height>
					<aspectratio>keep</aspectratio>
					<texture>$INFO[Listitem.Icon]</texture>
				</control> -->
				<control type="label">
					<left>95</left>
					<top>0</top>
					<width>600</width>
					<height>65</height>
					<align>left</align>
					<aligny>center</aligny>
					<textcolor>ffb87e53</textcolor>
					<selectedcolor>ffed6504</selectedcolor>
					<font>50</font>
					<info>ListItem.Label</info>
				</control>
				<control type="label">
					<left>700</left>
					<top>0</top>
					<width>170</width>
					<height>65</height>
					<align>left</align>
					<aligny>center</aligny>
					<textcolor>ffb87e53</textcolor>
					<selectedcolor>ffb87e53</selectedcolor>
					<font>30</font>
					<info>ListItem.Label2</info>
				</control>
				<description>Маркер продолжить</description>
				<control type="image">
					<top>14</top>
					<left>865</left>
					<width>45</width>
					<height>45</height>
					<aspectratio aligny="top">keep</aspectratio>
					<texture>Watched.png</texture>
					<visible>ListItem.IsResumable</visible>
				</control>
				<description>Маркер просмотренное</description>
				<control type="image">
					<top>14</top>
					<left>865</left>
					<width>45</width>
					<height>45</height>
					<aspectratio aligny="top">keep</aspectratio>
					<texture>$INFO[ListItem.Overlay]</texture>
				</control>
			</itemlayout>
			<description>В фокусе</description>
			<focusedlayout height="65">
<!-- 				<control type="image">
					<width>800</width>
					<height>65</height>
					<texture>button-focus.png</texture>
				</control> -->
			<!-- 	<control type="image">
					<left></left>
					<top>0</top>
					<width>45</width>
					<height>65</height>
					<aspectratio>keep</aspectratio>
					<texture>$INFO[Listitem.Icon]</texture>
				</control> -->
				<control type="label">
					<left>95</left>
					<top>0</top>
					<width>600</width>
					<height>65</height>
					<align>left</align>
					<textcolor>ffed6504</textcolor>
					<selectedcolor>FFB0C4DE</selectedcolor>
					<font>50</font>
					<label>$INFO[ListItem.Label]   </label>
					<scroll>true</scroll>
				</control>
				 <control type="label">
					<left>700</left>
					<top>0</top>
					<width>130</width>
					<height>65</height>
					<align>left</align>
					<aligny>center</aligny>
					<textcolor>ffb87e53</textcolor>
					<selectedcolor>ffb87e53</selectedcolor>
					<font>30</font>
					<info>ListItem.Label2</info>
					<scroll>true</scroll>
				</control>
				<description>Маркер продолжить</description>
				<control type="image">
					<top>14</top>
					<left>865</left>
					<width>45</width>
					<height>45</height>
					<aspectratio aligny="top">keep</aspectratio>
					<texture>Watched.png</texture>
					<visible>ListItem.IsResumable</visible>
				</control>
				<description>Маркер просмотренное</description>
				<control type="image">
					<top>14</top>
					<left>865</left>
					<width>45</width>
					<height>45</height>
					<aspectratio aligny="top">keep</aspectratio>
					<texture>$INFO[ListItem.Overlay]</texture>
				</control>
				<control type="image">
					<top>0</top>
					<posx>35</posx>
					<width>144</width>
					<aspectratio>keep</aspectratio>
					<texture>point0.png</texture>
					<animation effect="fade" start="100" end="50" condition="!Control.HasFocus(50)">Conditional</animation>
					<visible>Container(50).Position(0)</visible>
				</control>
				<control type="image">
					<top>0</top>
					<posx>15</posx>
					<width>144</width>
					<aspectratio>keep</aspectratio>
					<texture>point1.png</texture>
					<animation effect="fade" start="100" end="50" condition="!Control.HasFocus(50)">Conditional</animation>
					<visible>Container(50).Position(1)</visible>
				</control>
				<control type="image">
					<top>0</top>
					<posx>0</posx>
					<width>144</width>
					<aspectratio>keep</aspectratio>
					<texture>point3.png</texture>
					<animation effect="fade" start="100" end="50" condition="!Control.HasFocus(50)">Conditional</animation>
					<visible>Container(50).Position(2)</visible>
				</control>
				<control type="image">
					<top>0</top>
					<posx>-5</posx>
					<width>144</width>
					<aspectratio>keep</aspectratio>
					<texture>point4.png</texture>
					<animation effect="fade" start="100" end="50" condition="!Control.HasFocus(50)">Conditional</animation>
					<visible>Container(50).Position(3)</visible>
				</control>
				<control type="image">
					<top>0</top>
					<posx>-5</posx>
					<width>144</width>
					<aspectratio>keep</aspectratio>
					<texture>point4.png</texture>
					<animation effect="fade" start="100" end="50" condition="!Control.HasFocus(50)">Conditional</animation>
					<visible>Container(50).Position(4)</visible>
				</control>

				<control type="image">
					<top>0</top>
					<posx>0</posx>
					<width>144</width>
					<aspectratio>keep</aspectratio>
					<texture>point3.png</texture>
					<animation effect="fade" start="100" end="50" condition="!Control.HasFocus(50)">Conditional</animation>
					<visible>Container(50).Position(5)</visible>
				</control>
				<control type="image">
					<top>0</top>
					<posx>15</posx>
					<width>144</width>
					<aspectratio>keep</aspectratio>
					<texture>point1.png</texture>
					<animation effect="fade" start="100" end="50" condition="!Control.HasFocus(50)">Conditional</animation>
					<visible>Container(50).Position(6)</visible>
				</control>
				<control type="image">
					<top>0</top>
					<posx>35</posx>
					<width>144</width>
					<aspectratio>keep</aspectratio>
					<texture>point0.png</texture>
					<animation effect="fade" start="100" end="50" condition="!Control.HasFocus(50)">Conditional</animation>
					<visible>Container(50).Position(7)</visible>
				</control>
			</focusedlayout>
		</control>
		<control type="scrollbar" id="60">
			<animation effect="fade" start="120" end="-30" time="500" delay="50" condition="!Control.HasFocus(60)">Conditional</animation>
			<top>125</top>
			<left>90</left>
			<width>75</width>
			<height>515</height>
			<onleft>9000</onleft>
			<onright>50</onright>
		</control>
	</include>
</includes>
